CustomerID,Age,Gender,Income,Category,Spending,TransactionDate
1,0.7450980392156864,Male,0.49217679157938293,Clothing,0.6645073923984114,2023-02-15
2,1.0,Male,0.7258644322031707,Groceries,0.8820753286913989,2023-07-12
3,0.5490196078431373,Male,0.985491504383583,Groceries,0.8144775802653785,2023-02-27
4,0.27450980392156865,Female,0.3923888587167352,Healthcare,0.6854264145604478,2023-04-21
5,0.823529411764706,Male,0.40043189282851005,Electronics,0.11045647933867593,2023-05-09
6,0.13725490196078433,Male,0.6978948457340886,Travel,0.2892989601123766,2023-12-03
7,0.3921568627450981,Male,0.627628210101637,Travel,0.3099249138479884,2023-07-13
8,0.7450980392156864,Female,0.8535572969198542,Groceries,0.25004800258708676,2023-12-06
9,0.3529411764705882,Female,0.6086197532779889,Travel,0.5152243994623711,2023-11-22
10,0.43137254901960786,Male,0.4256730545426332,Groceries,0.5357796125433287,2023-01-08
11,0.1960784313725491,Male,0.6099257765019268,Healthcare,0.3570280840398977,2023-01-29
12,0.1960784313725491,Male,0.7104119792070758,Electronics,0.35392560104291937,2023-04-22
13,0.4509803921568628,Male,0.6545115990379393,Healthcare,0.8289187796226491,2023-06-10
14,0.6862745098039217,Female,0.5937621227403211,Clothing,0.7896375046739361,2023-05-11
15,0.7647058823529412,Female,0.7022654977112266,Clothing,0.3079138580942468,2023-07-07
16,0.4509803921568628,Female,0.7221661882225154,Clothing,0.9141915859044193,2023-06-12
17,0.03921568627450983,Female,0.7634546253911605,Healthcare,0.9532404272735541,2023-07-16
18,0.4117647058823529,Male,0.6211886104430133,Travel,0.32687235354158034,2023-12-30
19,0.019607843137254943,Male,0.46295290557840013,Electronics,0.3545622669348074,2023-07-23
20,0.4509803921568628,Male,0.5238187601831019,Clothing,0.5058462098167816,2023-07-31
21,0.8431372549019608,Female,0.729381643261696,Clothing,0.941537901832183,2023-04-19
22,0.5686274509803921,Male,0.33690226808389584,Clothing,0.8767091447454852,2023-10-03
23,0.7254901960784313,Female,0.5668787338040189,Electronics,0.10258405505644094,2023-03-14
24,0.019607843137254943,Female,0.41906535288488894,Clothing,0.3928834901417845,2023-06-16
25,0.3921568627450981,Male,0.5009439573796777,Electronics,0.5536062575161946,2023-09-17
26,0.6274509803921569,Male,0.743334109188714,Clothing,0.5033399694804604,2023-08-31
27,0.21568627450980393,Male,0.5324307549072853,Healthcare,0.19392034602285932,2023-10-02
28,0.4117647058823529,Female,0.504370651977138,Healthcare,0.8591957798146596,2023-04-12
29,0.8431372549019608,Male,0.2316057620192929,Electronics,0.6772306044283649,2023-06-22
30,0.47058823529411764,Female,0.6401065508055965,Healthcare,0.8382767576526229,2023-06-20
31,0.9411764705882354,Male,0.6205679261385677,Electronics,0.8591452507756207,2023-05-21
32,0.5098039215686275,Female,0.9149533193679364,Healthcare,0.7486786656291371,2023-07-07
33,0.8039215686274509,Female,0.4356686580288101,Healthcare,0.43939041767303666,2023-03-27
34,0.5294117647058824,Male,0.5378746734941939,Electronics,0.6108051297080432,2023-02-21
35,0.2941176470588236,Female,0.5437323816173998,Travel,0.1604094873323699,2023-04-21
36,0.27450980392156865,Female,0.8013292988853544,Healthcare,0.6739361110830394,2023-12-31
37,0.9019607843137255,Male,0.47687950965939946,Clothing,0.17930734793285702,2023-12-08
38,0.9803921568627451,Female,0.5494866423565314,Travel,0.6942487847766111,2023-02-12
39,0.8431372549019608,Male,0.6132748855613315,Electronics,0.22967469404666863,2023-07-30
40,1.0,Female,0.5315643830656631,Travel,0.11758107384313765,2023-07-19
41,0.03921568627450983,Male,0.4087723381694985,Groceries,0.16533101573474274,2023-10-25
42,0.7058823529411765,Male,0.5330126464427032,Groceries,0.0019605267147029416,2023-12-12
43,0.9803921568627451,Female,0.7036103137041922,Healthcare,0.7190484371368225,2023-08-28
44,0.11764705882352944,Female,0.296260377065715,Healthcare,0.7327215951007044,2023-04-25
45,0.3921568627450981,Female,0.5211549900431893,Clothing,0.515143552999909,2023-01-26
46,0.1568627450980392,Female,0.35957017611917136,Travel,0.16140996230533688,2023-10-26
47,0.7450980392156864,Female,0.7271575245040991,Groceries,0.08356492476226086,2023-03-18
48,0.33333333333333337,Male,0.19992500064654617,Healthcare,0.019110082564449793,2023-05-17
49,0.05882352941176472,Female,0.3869578710528358,Travel,0.16579588289389913,2023-01-20
50,0.47058823529411764,Male,0.5685338919492073,Healthcare,0.8912514021808333,2023-07-30
51,0.2549019607843137,Male,0.7990146636666926,Healthcare,0.2416197588754257,2023-08-28
52,0.9607843137254902,Female,0.4826079085525125,Groceries,0.35441067981769125,2023-02-08
53,0.1568627450980392,Male,0.3876820027413557,Groceries,0.1053631522035714,2023-09-25
54,0.4901960784313726,Male,0.8602425841156542,Healthcare,0.22243893565632167,2023-07-26
55,0.019607843137254943,Male,0.21449815087800966,Electronics,0.5194385213182016,2023-09-24
56,0.37254901960784315,Male,0.06887009594744875,Healthcare,0.608015926753105,2023-06-03
57,0.5294117647058824,Female,0.5807148214239533,Healthcare,0.24543975422675413,2023-02-11
58,0.9019607843137255,Male,0.3979879483797553,Clothing,0.05772437419785151,2023-01-11
59,0.11764705882352944,Female,0.2972819199834484,Clothing,0.391185714430083,2023-10-21
60,0.8431372549019608,Female,0.6327617865363229,Clothing,0.23428294240700132,2023-04-08
61,0.13725490196078433,Male,0.5426591150076292,Electronics,0.219629521085768,2023-10-02
62,0.9019607843137255,Female,0.38594925905811156,Electronics,0.9602841753155539,2023-08-18
63,0.6666666666666666,Female,0.24703235316936928,Healthcare,0.616565440158459,2023-08-08
64,0.2549019607843137,Female,0.6645847880621718,Clothing,0.5571129728254828,2023-03-06
65,0.3137254901960784,Male,0.6214860216722269,Electronics,0.4159449435590634,2023-12-21
66,0.6862745098039217,Female,0.47612951612486104,Groceries,0.42911281113255784,2023-08-20
67,0.9607843137254902,Female,0.8535443659968449,Healthcare,0.5411356906814346,2023-11-24
68,0.7647058823529412,Female,0.2878035534176429,Travel,0.6967348134973169,2023-02-21
69,0.05882352941176472,Male,0.1994724183412212,Healthcare,0.702444594908694,2023-09-20
70,0.019607843137254943,Female,0.36116067964931337,Travel,0.17174820369266217,2023-09-24
71,0.09803921568627455,Male,0.4865259782243257,Clothing,0.5003183329459441,2023-12-25
72,0.8039215686274509,Male,0.5425685985465643,Travel,0.412124948207735,2023-11-13
73,0.05882352941176472,Male,0.44857371919207595,Clothing,0.8709084110638384,2023-11-20
74,0.5490196078431373,Male,0.5636460030516979,Groceries,0.6316837286388488,2023-06-03
75,0.33333333333333337,Male,0.2526055809863708,Travel,0.532727658585389,2023-12-24
76,0.4901960784313726,Male,0.7754027982517393,Healthcare,0.11541843097227977,2023-05-20
77,0.8431372549019608,Female,0.4794269014922285,Clothing,0.6058937071134781,2023-02-20
78,0.6470588235294118,Male,0.7120800682752735,Healthcare,0.11722737056986651,2023-04-27
79,0.17647058823529416,Female,0.561835673830398,Electronics,0.33733186462259857,2023-02-15
80,0.6862745098039217,Female,0.5839604830992837,Clothing,0.14287591078592868,2023-11-05
81,0.2549019607843137,Male,0.6058783976000206,Travel,0.6923691045243702,2023-03-29
82,0.5882352941176471,Female,0.5822018775700208,Clothing,0.20632017220296503,2023-07-27
83,0.9215686274509803,Female,0.6200248273721778,Healthcare,0.39201439067031824,2023-09-26
84,0.27450980392156865,Female,0.7531745415987794,Groceries,0.8960718725051288,2023-03-30
85,0.13725490196078433,Female,0.5334781596710374,Clothing,0.2043798571038776,2023-04-28
86,0.2549019607843137,Male,0.6328910957664158,Travel,0.5080189584954473,2023-02-23
87,0.43137254901960786,Female,0.47795277626917004,Electronics,0.41944155306054387,2023-04-26
88,0.7647058823529412,Male,0.7746915974862285,Groceries,0.01809950178367508,2023-04-28
89,0.3921568627450981,Female,0.3641735847104766,Electronics,0.7931037967519934,2023-09-17
90,0.2941176470588236,Female,0.8446866837354852,Clothing,0.06905298475033601,2023-03-16
91,0.8627450980392156,Male,0.4875733829880777,Healthcare,0.4744474649581114,2023-11-01
92,0.33333333333333337,Female,0.21784725993741433,Healthcare,0.5609127565611958,2023-01-07
93,0.9019607843137255,Female,0.5202110326635114,Travel,0.6286924095277556,2023-05-02
94,0.4509803921568628,Female,0.3632684200998267,Healthcare,0.6889331298697361,2023-01-11
95,0.4901960784313726,Male,0.6584167377867431,Groceries,0.25336270754802787,2023-12-14
96,0.47058823529411764,Female,0.3687769933017819,Healthcare,0.009954220690630906,2023-08-03
97,0.8627450980392156,Male,0.4088240618615357,Travel,0.7237577435752327,2023-10-06
98,0.7843137254901961,Female,0.1288566477875191,Clothing,0.5358806706214061,2023-01-28
99,0.5490196078431373,Male,0.40763441694468155,Clothing,0.8364880296706517,2023-08-23
100,0.27450980392156865,Male,0.025215299868104613,Healthcare,0.8217436560791487,2023-11-09
101,0.8627450980392156,Female,0.18814492978508807,Electronics,0.8436934706375754,2023-01-26
102,0.0,Female,0.6428608374065741,Clothing,0.4852909967358241,2023-02-23
103,0.47058823529411764,Male,0.6477875190731115,Healthcare,0.33375440865865613,2023-01-29
104,0.11764705882352944,Male,0.57788294928492,Travel,0.7919012056228715,2023-12-19
105,0.1568627450980392,Female,0.30780769131300595,Healthcare,0.4514769638111022,2023-06-13
106,0.4509803921568628,Male,0.4861121886880286,Clothing,0.18350125817307208,2023-09-27
107,0.0,Female,0.4946595287971655,Travel,0.8553454670399078,2023-11-30
108,0.8431372549019608,Female,0.27068301135335043,Healthcare,0.8829444281628652,2023-02-04
109,0.13725490196078433,Female,0.7869630434220396,Groceries,0.4665043000212222,2023-10-13
110,0.4509803921568628,Female,0.665541676364859,Travel,0.07570260628783361,2023-12-14
111,0.1960784313725491,Male,0.4525047197868984,Groceries,0.3879821733550271,2023-09-30
112,0.9803921568627451,Female,0.5005818915354179,Electronics,0.8038866936828596,2023-07-27
113,0.3137254901960784,Male,0.53577986396669,Travel,0.902175780421008,2023-08-26
114,0.13725490196078433,Female,0.09933535055732279,Groceries,0.20354107505583457,2023-04-03
115,0.6666666666666666,Male,0.44742286704424966,Clothing,0.0669711883419401,2023-06-22
116,0.6666666666666666,Female,0.3630873871776968,Clothing,0.8777399371418755,2023-03-20
117,0.6274509803921569,Male,0.301083611348178,Electronics,0.3895586793730357,2023-04-20
118,0.07843137254901966,Male,0.4408410272325239,Travel,0.5419845785372854,2023-08-05
119,0.8039215686274509,Female,0.8440530685080301,Travel,0.9685001970632522,2023-12-24
120,0.7450980392156864,Female,0.6196627615279178,Travel,0.06656695602963023,2023-04-16
121,0.7843137254901961,Female,0.3845785812191274,Electronics,0.6485907451012097,2023-02-16
122,0.5294117647058824,Female,0.6064214963664107,Travel,0.07410588865420957,2023-06-30
123,0.11764705882352944,Male,0.7667908035275559,Clothing,0.37561266459834464,2023-03-05
124,0.1568627450980392,Female,0.6747097007784415,Groceries,0.8041696563014764,2023-09-03
125,0.13725490196078433,Male,0.5069309747329764,Clothing,0.4336503188382363,2023-09-01
126,0.21568627450980393,Male,0.36987612175757106,Clothing,0.9976251351651794,2023-11-16
127,0.6470588235294118,Female,0.6307962862389118,Groceries,0.5592958273119563,2023-03-28
128,0.6274509803921569,Male,0.5716890371634726,Clothing,0.3212838418238962,2023-08-05
129,0.9215686274509803,Male,0.6689942328083378,Electronics,0.2201853405151941,2023-01-07
130,0.43137254901960786,Male,0.6185636330721287,Groceries,0.35066142512101706,2023-10-05
131,0.4509803921568628,Male,0.6989422504978404,Clothing,0.372681980334098,2023-12-03
132,0.7058823529411765,Female,0.3915483487211317,Healthcare,0.06871949309268036,2023-07-29
133,0.6666666666666666,Female,0.7508857682261361,Clothing,0.3697209786464281,2023-06-18
134,0.8431372549019608,Female,0.5336850544391858,Electronics,0.4644326094206341,2023-11-26
135,0.7647058823529412,Female,0.8978845009956811,Travel,0.7230503370286904,2023-05-18
136,0.4117647058823529,Male,0.36169084749269403,Clothing,0.657008883005063,2023-11-02
137,0.5098039215686275,Male,0.8320790338014328,Travel,0.709074004830576,2023-08-18
138,0.6666666666666666,Female,0.5337497090542322,Healthcare,0.008337291441391368,2023-11-04
139,0.0,Female,0.369009749915949,Clothing,0.21773973502571928,2023-06-10
140,0.6666666666666666,Female,0.40150515943828075,Groceries,0.6619708346386669,2023-01-01
141,0.7058823529411765,Male,0.4332247135800554,Travel,0.4841894636847796,2023-08-24
142,0.9019607843137255,Female,0.5776372617477437,Healthcare,0.00528533748345174,2023-07-07
143,0.2549019607843137,Female,0.5967750278014845,Groceries,0.8048467454245956,2023-01-04
144,0.03921568627450983,Female,0.3840872061447746,Groceries,0.7731448263316929,2023-05-12
145,0.0,Male,0.49063801174127813,Groceries,0.5486443058825907,2023-08-06
146,0.07843137254901966,Male,0.9108930095430212,Groceries,0.06646589795155275,2023-09-17
147,0.4901960784313726,Male,0.830449737502263,Clothing,0.7668489080674664,2023-01-01
148,0.2549019607843137,Male,0.5799906897354332,Clothing,0.5839641041706669,2023-03-12
149,0.7450980392156864,Male,0.5027413556779683,Clothing,0.7823006882055117,2023-06-27
150,0.5098039215686275,Male,0.5186463909793881,Healthcare,0.7520742170525401,2023-07-08
151,0.1568627450980392,Male,0.6143610830941113,Healthcare,0.803351085869049,2023-10-18
152,0.27450980392156865,Male,0.29698450875423493,Healthcare,0.518225824381272,2023-01-08
153,0.27450980392156865,Female,0.44544443582382914,Electronics,0.14035956464179963,2023-09-10
154,0.4901960784313726,Female,0.17172265756329685,Healthcare,0.6714500823623337,2023-10-19
155,0.8039215686274509,Male,0.5728010965422712,Clothing,0.6207391387830586,2023-09-01
156,0.23529411764705888,Male,0.6208911992138,Clothing,0.7425747577132579,2023-05-03
157,0.9803921568627451,Female,0.4016473995913828,Electronics,0.1699291582872677,2023-10-26
158,0.607843137254902,Male,0.8006568908888716,Electronics,0.19504209068951928,2023-10-10
159,0.7450980392156864,Male,0.25760984819096383,Healthcare,0.8908067466372924,2023-02-01
160,0.9411764705882354,Male,0.211330074740735,Travel,0.7503057006861844,2023-11-30
161,1.0,Female,0.5388962164119275,Electronics,0.9086333916101583,2023-05-26
162,0.607843137254902,Female,0.698463806346497,Groceries,0.7590472244398856,2023-06-05
163,0.05882352941176472,Female,0.8219799829311816,Clothing,0.5974048285549705,2023-01-16
164,0.5686274509803921,Female,0.40635425556676236,Groceries,0.654411690398472,2023-12-21
165,0.7058823529411765,Female,0.7045930638528979,Clothing,0.8895233090457085,2023-02-16
166,0.43137254901960786,Male,0.48789665606330984,Clothing,0.5790526815761018,2023-09-08
167,0.7450980392156864,Female,0.46187963896862955,Electronics,0.6326639919962003,2023-07-06
168,0.8627450980392156,Male,0.6667571831277317,Electronics,0.15651875132638726,2023-01-31
169,0.27450980392156865,Male,0.6218868802855149,Groceries,0.4741139733004558,2023-09-17
170,0.823529411764706,Female,0.18960612408513722,Clothing,0.7167038897254252,2023-01-17
171,0.5490196078431373,Female,0.7817648123723071,Groceries,0.27103776540377755,2023-02-08
172,0.6862745098039217,Male,0.7630537667778727,Travel,0.20231827231109717,2023-10-31
173,0.23529411764705888,Male,0.37402694804355135,Groceries,0.3139470253554718,2023-02-08
174,0.607843137254902,Male,0.5721416194687976,Healthcare,0.24158944145200245,2023-05-12
175,0.11764705882352944,Female,0.5911888690614735,Groceries,0.21498084949420432,2023-01-30
176,0.9803921568627451,Female,0.5459306385289782,Healthcare,0.42501995897042033,2023-06-07
177,0.4117647058823529,Female,0.3886259601210334,Healthcare,0.9082392651056562,2023-10-05
178,0.5294117647058824,Female,0.3650916802441358,Healthcare,0.5072711287176741,2023-07-22
179,0.019607843137254943,Female,0.4904052551271109,Travel,0.18797813103190403,2023-03-07
180,0.8039215686274509,Male,0.7228256652959888,Groceries,0.07697593807160975,2023-04-18
181,0.8627450980392156,Female,0.6008094757803812,Groceries,0.6964518508787001,2023-09-25
182,0.09803921568627455,Male,0.42347479763105494,Travel,0.3829494810667691,2023-08-10
183,0.5294117647058824,Male,0.6450461633951432,Clothing,0.8221883116226896,2023-10-19
185,0.8431372549019608,Female,0.7181834639356557,Groceries,0.7965903004456661,2023-03-31
186,0.8431372549019608,Female,0.15792536271239044,Electronics,0.27204834618455226,2023-06-30
187,0.37254901960784315,Female,0.42506530116119684,Travel,0.6926621729507949,2023-09-12
188,0.5686274509803921,Male,0.2781829466987354,Clothing,0.26415571028670176,2023-09-10
189,0.1960784313725491,Male,0.24423927379936378,Clothing,0.9394864228472103,2023-09-14
190,0.5294117647058824,Male,0.7205239610003362,Clothing,0.6366456802724526,2023-12-12
191,0.47058823529411764,Male,0.4046473737295368,Travel,0.32463897001606823,2023-03-28
192,0.7450980392156864,Male,0.5625727364419273,Healthcare,0.2696128465028852,2023-03-31
193,0.6274509803921569,Male,0.48626735976414,Healthcare,0.19098966175861268,2023-08-25
194,0.0,Female,0.587891483694106,Electronics,0.694935979707538,2023-03-11
195,0.5098039215686275,Female,0.5102671528693719,Healthcare,0.21879073903772497,2023-02-13
196,1.0,Female,0.24651511624899786,Healthcare,0.5955554657261528,2023-07-19
197,0.23529411764705888,Female,0.6886104430134223,Clothing,0.2647317413317434,2023-06-01
198,0.7843137254901961,Male,0.39959138283290657,Clothing,0.6622537972572838,2023-03-27
199,0.03921568627450983,Male,0.19344660821889464,Electronics,0.815296150697806,2023-01-19
200,0.7450980392156864,Female,0.41232834199705176,Groceries,0.7783594231604903,2023-04-11
201,0.09803921568627455,Male,0.7864587374246774,Electronics,0.7611795498873203,2023-04-05
202,0.13725490196078433,Female,0.6602787907000802,Electronics,0.18778612068355682,2023-09-11
203,0.5098039215686275,Female,0.4277420022241188,Travel,0.08839550089436399,2023-12-23
204,0.1568627450980392,Female,0.42762562391703524,Travel,0.699251159641446,2023-01-30
205,0.7058823529411765,Male,0.4329790260428789,Electronics,0.36848807009388296,2023-09-06
206,0.6274509803921569,Female,0.8981819122248946,Electronics,0.4325184683637686,2023-02-02
207,0.9803921568627451,Female,0.5694519874828665,Electronics,0.03113599385566886,2023-08-17
208,0.8039215686274509,Female,0.5787751829725605,Healthcare,0.25966873162006204,2023-01-12
209,0.8431372549019608,Male,0.6952052137481572,Travel,0.033662445807605634,2023-04-28
210,0.4509803921568628,Male,0.5416763648589236,Electronics,0.8795690883550776,2023-12-16
211,0.27450980392156865,Female,0.445121162748597,Clothing,0.2434792275120512,2023-06-04
212,0.607843137254902,Male,0.4572762303773243,Clothing,0.5575677341768314,2023-09-03
213,0.607843137254902,Male,0.48146998732769547,Healthcare,0.03896799490667287,2023-11-28
214,0.4509803921568628,Male,0.4881423436004862,Healthcare,0.6671349024284255,2023-09-04
215,0.7843137254901961,Male,0.636498823286006,Groceries,0.32315341626832944,2023-01-29
216,1.0,Male,0.5054439185869086,Groceries,0.8983153618384486,2023-06-10
217,0.9411764705882354,Male,0.6374686425117024,Groceries,0.8885127282649339,2023-08-23
218,0.9411764705882354,Male,0.4797113817984328,Healthcare,0.3254171172172648,2023-07-09
219,1.0,Male,0.5106162877906224,Healthcare,0.9013572099885805,2023-04-27
220,0.21568627450980393,Male,0.10777924328238553,Healthcare,0.9966044485765969,2023-09-28
221,0.7450980392156864,Male,0.673093335402281,Clothing,0.8257758733944398,2023-09-15
222,0.019607843137254943,Female,0.5625727364419273,Healthcare,0.8452396592321607,2023-06-29
223,0.03921568627450983,Female,0.6889466470116636,Clothing,0.24909805665315854,2023-06-21
225,0.7058823529411765,Female,0.9004318928285102,Groceries,0.06725415096055702,2023-09-16
226,0.9411764705882354,Female,0.46829337678123467,Groceries,0.09493395854597637,2023-05-15
227,0.3137254901960784,Male,0.7103085318230016,Electronics,0.9993330166846887,2023-06-20
228,0.9411764705882354,Male,0.29366126154084876,Electronics,0.3267611896556951,2023-07-29
229,0.019607843137254943,Male,0.6142188429410091,Travel,0.7485068668964054,2023-08-24
230,0.019607843137254943,Female,0.291036284169964,Travel,0.8070194941032611,2023-07-05
231,0.5294117647058824,Female,0.374376082964802,Travel,0.8583974209978475,2023-12-30
232,0.43137254901960786,Male,0.8666175291592315,Electronics,0.9980697907087203,2023-04-05
233,0.7058823529411765,Male,0.4583753588331135,Electronics,0.2415793356441947,2023-01-11
234,0.607843137254902,Male,0.5375384694959526,Travel,0.040342384768526474,2023-03-09
235,0.6274509803921569,Female,0.6641322057568468,Travel,0.41135690681434617,2023-07-29
236,0.0,Female,0.5915121421367058,Healthcare,0.13011227552474408,2023-07-15
237,0.3529411764705882,Female,0.5245428918716217,Travel,0.022404575909775352,2023-04-08
238,0.019607843137254943,Female,0.5661546021154991,Healthcare,0.3605651167726092,2023-04-03
239,0.8431372549019608,Male,0.9615434349703882,Clothing,0.7840793103796752,2023-01-22
240,0.4901960784313726,Male,0.48418548115964516,Electronics,0.5664204218164178,2023-06-21
241,0.607843137254902,Male,0.5343703933586779,Travel,0.31289602134346606,2023-05-14
242,0.09803921568627455,Male,0.699149145265989,Electronics,0.6546239123624347,2023-01-25
243,0.607843137254902,Female,0.7097912949026302,Electronics,0.23210008792052791,2023-07-04
244,0.05882352941176472,Female,0.725605813742985,Electronics,0.014360352894808647,2023-03-26
245,0.1960784313725491,Male,0.6192489719916208,Clothing,0.7646862651966085,2023-02-24
246,0.3137254901960784,Male,0.27365712364548583,Groceries,0.6240134205127686,2023-09-08
247,0.7254901960784313,Female,0.8121912742131534,Travel,0.7626347862116358,2023-05-24
248,0.4509803921568628,Male,0.2730105774950216,Groceries,0.03892757167544188,2023-12-17
249,0.07843137254901966,Female,0.5540641891018181,Groceries,0.8374885046436187,2023-06-16
250,1.0,Male,0.34905733571262315,Groceries,0.6197891928491305,2023-08-12
251,0.6470588235294118,Male,0.4829182507047353,Electronics,0.5636312188614797,2023-08-08
252,0.09803921568627455,Male,0.5591331109214577,Healthcare,0.6248825199842349,2023-06-28
253,0.4117647058823529,Male,0.5576977784674271,Electronics,0.8648146089557669,2023-04-29
254,0.1960784313725491,Male,0.5771976103654279,Electronics,0.5871878568613382,2023-09-22
255,0.9215686274509803,Male,0.8083637210024053,Groceries,0.5811951128313442,2023-05-30
256,0.2941176470588236,Male,0.5833397987948379,Electronics,0.9911169949369903,2023-08-03
257,0.6274509803921569,Female,0.44800475857966743,Groceries,0.7570563803017594,2023-07-16
258,0.1568627450980392,Female,0.682364807199938,Healthcare,0.44247268905439957,2023-02-11
259,0.09803921568627455,Female,0.7260842578943285,Travel,0.7076996149687226,2023-02-22
260,0.2941176470588236,Female,0.2572477823467039,Groceries,0.38938688064030397,2023-11-26
261,0.5490196078431373,Female,0.6112447306488737,Healthcare,0.22895718169231857,2023-09-08
262,0.03921568627450983,Male,0.6313652468513202,Travel,0.5971016543207381,2023-10-22
263,0.37254901960784315,Male,0.4376470892492306,Clothing,0.9285923620304589,2023-09-28
264,0.6862745098039217,Female,0.7622003258592598,Groceries,0.9295524137721949,2023-05-03
265,0.3529411764705882,Male,0.46626322186877694,Groceries,0.3420411710610088,2023-12-05
266,0.4901960784313726,Female,0.5197196575891587,Clothing,0.5278970824532859,2023-09-23
267,0.03921568627450983,Female,0.4617891225075646,Clothing,0.21170656776449426,2023-12-14
268,0.3529411764705882,Male,0.49838363462383944,Groceries,0.9960688407627863,2023-01-29
269,0.37254901960784315,Male,0.2827217006749942,Clothing,0.9815569007508614,2023-02-04
270,0.607843137254902,Male,0.21604986163912382,Electronics,0.6497832304225238,2023-01-06
271,0.11764705882352944,Female,0.8046396151757313,Travel,0.8047658989621336,2023-04-21
272,1.0,Male,0.33108335272971784,Travel,0.7154103463260336,2023-10-21
273,0.7843137254901961,Female,0.3030749734916078,Travel,0.5934130344709104,2023-03-18
274,0.6274509803921569,Female,0.0776889854397807,Electronics,0.05333845360928925,2023-12-15
275,0.7647058823529412,Female,0.3714278325186852,Clothing,0.45495336169696726,2023-05-27
276,0.7450980392156864,Male,0.2387307005974087,Healthcare,0.6750780673653148,2023-03-08
277,0.33333333333333337,Male,0.8138593632813511,Clothing,0.6778268470890221,2023-01-08
278,0.7647058823529412,Female,0.691235420384307,Groceries,0.3732681171869473,2023-05-02
279,0.0,Male,0.3618848113378333,Travel,0.9421139328772246,2023-12-06
280,0.1960784313725491,Male,0.9322548943543592,Clothing,0.16740270633533091,2023-06-24
281,0.5294117647058824,Male,0.6857915017973983,Healthcare,0.5005709781411377,2023-06-28
282,0.47058823529411764,Female,0.4323583417384333,Groceries,0.6911867250108638,2023-03-26
283,0.9607843137254902,Female,0.01056456409858536,Electronics,0.6974321142360514,2023-02-14
284,0.43137254901960786,Male,0.9397289678537255,Electronics,0.6489141309510575,2023-05-16
285,0.5882352941176471,Female,0.2258385703571521,Healthcare,0.27539336856891655,2023-12-09
286,0.5686274509803921,Male,0.17622261877052786,Groceries,0.15624589451557808,2023-01-16
287,0.8039215686274509,Male,0.6937052266790804,Travel,0.6362111305367195,2023-11-29
288,0.6666666666666666,Male,0.9685907880104483,Clothing,0.5995573656180206,2023-07-14
289,0.11764705882352944,Male,0.7638684149274575,Groceries,0.1794084060109345,2023-01-09
290,0.2941176470588236,Female,0.6047404763752036,Electronics,0.7054460198275949,2023-11-12
291,0.4901960784313726,Female,0.6107274937285023,Healthcare,0.4553575940092771,2023-11-30
292,0.9215686274509803,Female,0.6608994750045258,Healthcare,0.6680444251311229,2023-11-29
293,1.0,Male,0.6425634261773605,Clothing,0.8377310440310046,2023-11-23
294,0.9411764705882354,Male,0.5499004318928284,Healthcare,0.1697775711701515,2023-01-15
295,0.019607843137254943,Male,0.5155817622261878,Healthcare,0.019120188372257537,2023-11-23
296,0.0,Female,0.48322859285695813,Groceries,0.7794407445959192,2023-04-12
297,0.9215686274509803,Male,0.3491219903276696,Travel,0.6099562418521924,2023-08-14
298,0.21568627450980393,Female,0.4409186127705796,Clothing,0.6999383545723727,2023-10-05
299,0.07843137254901966,Female,0.1669899397418988,Groceries,0.8385192970400088,2023-04-23
300,0.7058823529411765,Female,0.47628468720097245,Travel,0.8031590755207018,2023-01-01
301,0.607843137254902,Female,0.3036180722579978,Groceries,0.9613452851353672,2023-09-23
302,0.1568627450980392,Female,0.2813122300669822,Groceries,0.536163633240023,2023-07-27
303,0.7843137254901961,Female,0.5302583598417254,Healthcare,0.4886966539670349,2023-04-20
304,0.6666666666666666,Male,0.7653684019965346,Travel,0.4020494578234111,2023-07-19
305,0.3529411764705882,Male,0.6734812630925595,Clothing,0.1537295483714491,2023-11-02
306,0.9215686274509803,Female,0.1907440453099542,Clothing,0.5728477155821451,2023-01-12
307,0.2941176470588236,Female,0.3034111774898492,Travel,0.2771113558962336,2023-12-11
308,0.03921568627450983,Male,0.6778389841466883,Healthcare,0.9217103069133832,2023-07-07
309,0.37254901960784315,Female,0.3047947862518427,Electronics,0.583438602164664,2023-06-03
310,0.4509803921568628,Female,0.4517935190213877,Groceries,0.5930896486210625,2023-11-30
311,0.6274509803921569,Male,0.6020508443892725,Healthcare,0.3550675573251948,2023-10-06
312,0.4509803921568628,Female,0.307536141929811,Travel,0.05198427536305114,2023-06-20
313,1.0,Female,0.5158015879173454,Groceries,0.03173223651632594,2023-05-14
314,0.1960784313725491,Female,0.23661002922388602,Clothing,0.42350408779925824,2023-01-25
315,0.9411764705882354,Male,0.37872087309592156,Electronics,0.08457550554303558,2023-01-18
316,0.13725490196078433,Male,0.5573874363152043,Clothing,0.6071064040504077,2023-07-09
317,0.6862745098039217,Male,0.1863863242558254,Travel,0.8813578163370489,2023-05-21
318,0.7254901960784313,Female,0.5808053378850182,Groceries,0.8833082372439441,2023-02-12
319,0.7647058823529412,Female,0.4915561072749373,Travel,0.6593231129930371,2023-11-30
320,0.37254901960784315,Male,0.6025292885406159,Groceries,0.21130233545218438,2023-10-11
321,0.6666666666666666,Female,0.5387927690278531,Healthcare,0.8633795842470668,2023-05-26
322,0.9215686274509803,Female,0.7599632761786537,Electronics,0.8864814608955767,2023-11-11
323,0.47058823529411764,Female,0.5196550029741123,Healthcare,0.1967196547856053,2023-11-15
324,0.6666666666666666,Female,0.41206972353686605,Healthcare,0.7377441815811546,2023-04-02
325,0.47058823529411764,Female,0.5190860423617039,Travel,0.2866209210433236,2023-06-28
326,0.5490196078431373,Male,0.6007448211653348,Electronics,0.8029872767879701,2023-02-25
327,0.33333333333333337,Female,0.5048361652054723,Groceries,0.997685770012026,2023-06-04
328,0.8823529411764707,Male,0.503232730752321,Groceries,0.030014249189008923,2023-06-09
329,0.33333333333333337,Female,0.35920811027491145,Clothing,0.8977595424090224,2023-04-21
330,0.019607843137254943,Male,0.3667856311583521,Groceries,0.6228916758461087,2023-05-17
331,0.6666666666666666,Female,0.2233041094473323,Travel,0.9738158519701272,2023-08-20
332,0.2941176470588236,Male,0.8347169420953269,Healthcare,0.46520065081402284,2023-08-08
333,0.7843137254901961,Female,0.25410556805544776,Healthcare,0.8477560053762897,2023-03-09
334,0.6862745098039217,Male,0.3609667158041741,Healthcare,0.06239325740503067,2023-10-29
335,0.6274509803921569,Female,0.3560141722916182,Electronics,0.3354117611391267,2023-09-06
336,0.05882352941176472,Male,0.6689425091163008,Groceries,0.06702171738097884,2023-11-19
337,0.6274509803921569,Female,0.4381513952465927,Travel,0.9757763786848302,2023-01-06
338,0.2549019607843137,Male,0.7373858846044432,Electronics,0.8173274180671631,2023-10-07
339,0.3921568627450981,Male,0.3647296143998759,Clothing,0.8529200731660486,2023-04-04
340,0.9215686274509803,Female,0.5494737114335222,Travel,0.9383848897961659,2023-09-26
341,0.37254901960784315,Female,0.3333333333333333,Travel,0.08511111335684618,2023-07-16
342,0.13725490196078433,Male,0.9114490392324204,Travel,0.38574878982951505,2023-01-25
343,0.11764705882352944,Female,0.26501926707528384,Healthcare,0.07103372308065445,2023-05-28
344,0.03921568627450983,Male,0.5554607287868207,Travel,0.21086778571645123,2023-04-28
345,0.3137254901960784,Male,0.6182920836889336,Groceries,0.22944226046709043,2023-12-04
346,0.6274509803921569,Male,0.5756200377582952,Travel,0.46930360878396815,2023-12-04
347,0.9215686274509803,Female,0.45942276359686557,Healthcare,0.268662900568957,2023-03-07
348,0.21568627450980393,Male,0.47018129154059013,Travel,0.10099744323062464,2023-10-28
349,0.9803921568627451,Male,0.5038663459797761,Clothing,0.16754418764463935,2023-06-24
350,0.4117647058823529,Female,0.4668451134041948,Clothing,0.14731236041352966,2023-11-15
351,0.4117647058823529,Female,0.68232601443091,Healthcare,0.9735126777358949,2023-03-17
352,0.8823529411764707,Female,0.9241213437815192,Groceries,0.7596232554849273,2023-04-24
353,0.5686274509803921,Female,0.38722942043603076,Groceries,0.9681869170212122,2023-04-21
354,0.7254901960784313,Male,0.22966612356790023,Electronics,0.43991591967903954,2023-09-06
355,0.7254901960784313,Male,0.47823725657537436,Healthcare,0.27846553414247166,2023-07-22
356,0.8627450980392156,Male,0.9957327954069362,Travel,0.7986417794306387,2023-05-27
357,0.9803921568627451,Male,0.33947552176274337,Healthcare,0.32637716895900076,2023-02-04
358,0.13725490196078433,Female,0.8132904026689425,Electronics,0.2994957201903934,2023-11-05
359,0.5098039215686275,Male,0.8207774070913183,Healthcare,0.2325851666952998,2023-01-26
360,0.5098039215686275,Male,0.38799234489357853,Healthcare,0.12970804321243418,2023-08-26
361,0.6470588235294118,Female,0.6057232265239092,Electronics,0.2565561428152759,2023-01-14
362,0.3921568627450981,Male,0.8112085240644478,Groceries,0.3554616838296969,2023-02-14
363,0.5686274509803921,Male,0.42183257040887584,Travel,0.6742797085485028,2023-08-04
364,0.6274509803921569,Male,0.45587969069232165,Electronics,0.06256505613776236,2023-08-21
365,0.5294117647058824,Male,0.38253549538366044,Clothing,0.21057471729002658,2023-07-12
366,0.9019607843137255,Male,0.298536219515349,Groceries,0.8093741473224662,2023-02-20
367,0.6274509803921569,Male,0.3694235394522461,Clothing,0.1469586571402585,2023-08-02
368,0.07843137254901966,Female,0.2579589831122146,Groceries,0.3427788950309743,2023-05-31
369,0.9215686274509803,Female,0.5019784312204205,Travel,0.8650369367275373,2023-10-02
370,0.3529411764705882,Male,0.3460185688054413,Travel,0.15497256273180196,2023-12-04
371,0.05882352941176472,Male,0.5407065456332274,Healthcare,0.08274635432983335,2023-03-17
372,0.6666666666666666,Female,0.1935759174489875,Clothing,0.484735177306398,2023-08-08
373,0.9411764705882354,Male,0.5595469004577547,Groceries,0.30253756834052525,2023-12-14
374,0.3137254901960784,Male,0.6570331290247498,Travel,0.5636413246692874,2023-07-06
375,0.8431372549019608,Male,0.10864561512400756,Electronics,0.8041595504936687,2023-10-16
376,0.5294117647058824,Female,0.5679132076447617,Travel,0.13718634099016705,2023-01-28
377,0.5686274509803921,Male,0.7334936767786484,Electronics,0.5809424676361504,2023-06-29
378,0.5490196078431373,Female,0.26073913155921075,Groceries,0.505714834315281,2023-09-10
379,0.8823529411764707,Male,0.8197817260196034,Travel,0.14411892514628155,2023-05-06
380,0.09803921568627455,Female,0.5766415806760286,Travel,0.6242660657079624,2023-06-26
381,0.6666666666666666,Female,0.3586132878164843,Groceries,0.273736016088446,2023-02-06
382,0.7843137254901961,Male,0.4845475470039052,Travel,0.4880397764595313,2023-04-09
383,0.7058823529411765,Female,0.6036542788424237,Electronics,0.08228148717067699,2023-04-08
384,0.4509803921568628,Male,0.5101119817932604,Travel,0.45977383202126265,2023-05-07
385,0.5490196078431373,Female,0.5998655184007033,Clothing,0.30657989146362413,2023-06-17
386,0.9411764705882354,Male,0.31678175188144925,Healthcare,0.8227441310521156,2023-03-21
387,0.8823529411764707,Male,0.5282152740062587,Electronics,0.05697654442007821,2023-10-21
388,0.5882352941176471,Female,0.22115757622779114,Clothing,0.4187745697452326,2023-11-29
389,0.6666666666666666,Male,0.4737890190601805,Groceries,0.4586217699311795,2023-05-06
390,0.6274509803921569,Male,0.32004034447978896,Electronics,0.7253241437854335,2023-12-09
391,1.0,Female,0.3527038560012414,Healthcare,0.5745252796782311,2023-11-06
392,0.3921568627450981,Male,0.7351229730778184,Healthcare,0.6674987115095045,2023-05-30
393,0.607843137254902,Male,0.7070370083016526,Groceries,0.7773892656109466,2023-01-16
394,0.43137254901960786,Female,0.6135205730985078,Groceries,0.8625812254302548,2023-01-28
395,0.6274509803921569,Female,0.2834975560555512,Electronics,0.31399755439451055,2023-06-22
396,0.03921568627450983,Male,0.43398763803760315,Travel,0.5382454296484189,2023-02-15
397,0.33333333333333337,Male,0.7306618046396152,Groceries,0.8404798237547119,2023-11-24
398,0.47058823529411764,Female,0.5228489409574055,Travel,0.9898941921922529,2023-08-24
399,0.8039215686274509,Female,0.9452246101326713,Clothing,0.8899073297424029,2023-08-02
400,0.5882352941176471,Male,0.5716502443944449,Healthcare,0.3716107647064768,2023-03-26
401,0.03921568627450983,Female,0.5326117878294152,Travel,0.19522399523005873,2023-10-09
402,0.7647058823529412,Male,0.4354100395686244,Healthcare,0.48959607086192436,2023-08-20
403,0.8823529411764707,Male,0.5212713683502728,Travel,0.741968409244793,2023-03-26
404,0.4509803921568628,Male,0.4657847777174335,Clothing,0.4927692945135569,2023-03-06
405,0.9607843137254902,Male,0.6327100628442859,Groceries,0.4833809990601599,2023-05-14
406,0.607843137254902,Male,0.6809294747459074,Clothing,0.8386001435024709,2023-05-31
407,0.9019607843137255,Female,0.3429151472832131,Groceries,0.3615453801299607,2023-04-25
408,0.4117647058823529,Female,0.23715312799027594,Groceries,0.860176043172011,2023-03-05
409,0.43137254901960786,Female,0.1392013861949466,Healthcare,0.406970986225784,2023-12-09
410,0.019607843137254943,Female,0.593891431970414,Clothing,0.3283579072893192,2023-12-29
411,0.5098039215686275,Male,0.28135102283601005,Travel,0.4541752144957707,2023-12-18
412,0.8039215686274509,Male,0.0777795019008457,Clothing,0.7627762675209443,2023-06-07
413,0.019607843137254943,Male,0.5707321488607857,Healthcare,0.12602952917041424,2023-03-18
414,0.4901960784313726,Male,0.9789096645718571,Groceries,0.1964872212060271,2023-05-26
415,0.3137254901960784,Female,0.49418108464582206,Healthcare,0.9518660374117005,2023-12-09
416,0.7647058823529412,Male,0.6580029482504461,Electronics,0.1755479874283751,2023-08-13
417,0.6274509803921569,Male,0.5112369720950682,Electronics,0.5679666104110032,2023-11-09
418,0.1568627450980392,Female,0.47618123981689814,Travel,0.5795579719664892,2023-04-13
419,0.823529411764706,Female,0.6736364341686709,Healthcare,0.48982850444150255,2023-12-13
420,0.9215686274509803,Female,0.4390565598572426,Travel,0.6450233949450749,2023-10-28
421,0.7450980392156864,Female,0.5472237308299066,Travel,0.2299071276262468,2023-03-29
422,0.5490196078431373,Male,0.5577624330824735,Electronics,0.5528988509696523,2023-10-30
423,0.8039215686274509,Male,0.36577701916362787,Travel,0.3723181712530191,2023-06-17
424,0.4901960784313726,Female,0.6877828639408281,Electronics,0.6619506230230513,2023-06-19
425,0.6666666666666666,Male,0.4614270566633046,Groceries,0.14125898153668914,2023-05-15
426,0.9607843137254902,Male,0.34877285540641895,Healthcare,0.5711196224470203,2023-02-19
427,0.47058823529411764,Male,0.5994258670183878,Travel,0.18533040938627426,2023-12-06
428,0.4509803921568628,Female,0.32108774924354105,Electronics,0.2787484967610886,2023-12-13
429,0.23529411764705888,Male,0.5008275790725942,Clothing,0.21878063322991725,2023-05-14
430,0.11764705882352944,Female,0.4935991931104042,Travel,0.18289490970460723,2023-12-13
431,0.6862745098039217,Male,0.7059896035379005,Groceries,0.8260689418208645,2023-05-17
432,0.8627450980392156,Male,0.5874389013887811,Groceries,0.28581245641870384,2023-09-02
433,0.37254901960784315,Male,0.4905087025111852,Clothing,0.9275312522106455,2023-04-19
434,0.0,Female,0.6539814311945586,Electronics,0.9703596656998777,2023-11-09
435,0.13725490196078433,Male,0.7650192670752838,Travel,0.5715036431437146,2023-10-14
436,0.8823529411764707,Female,0.6035637623813588,Electronics,0.1430376037108526,2023-01-21
437,0.2941176470588236,Female,0.4973750226291153,Groceries,0.3746930360878397,2023-03-31
438,0.2549019607843137,Female,0.24091602658597772,Electronics,0.798075854193405,2023-10-23
439,0.21568627450980393,Male,0.2887733726433393,Groceries,0.36753812415995474,2023-04-22
440,0.9803921568627451,Male,0.4361600331031629,Electronics,0.08703121684031813,2023-10-28
441,0.43137254901960786,Male,0.3771433004887889,Clothing,0.5570220205552131,2023-03-18
442,0.27450980392156865,Male,0.4590994905216334,Healthcare,0.8454923044273543,2023-06-26
443,0.5294117647058824,Female,0.5063490831975586,Clothing,0.796277020403626,2023-12-09
444,0.6470588235294118,Female,0.5981069128714407,Clothing,0.17517407253948844,2023-05-28
445,0.019607843137254943,Female,0.48168981301885333,Healthcare,0.6730569058037654,2023-04-11
446,0.607843137254902,Male,0.5897276747614244,Healthcare,0.22057946701969622,2023-09-03
447,0.43137254901960786,Female,0.5078749321126541,Travel,0.21828544864733762,2023-04-27
448,0.4117647058823529,Male,0.11220161895156078,Travel,0.8744555496043577,2023-04-02
449,0.9803921568627451,Female,0.3131610934388496,Clothing,0.24975493416066213,2023-01-28
450,0.47058823529411764,Male,0.46741407401660334,Clothing,0.26333713985427426,2023-01-25
451,0.4117647058823529,Male,0.2607262006362014,Groceries,0.0006265600840803225,2023-02-27
452,0.4117647058823529,Female,0.6117231748002172,Groceries,0.8710498923731469,2023-10-24
453,0.9411764705882354,Female,0.7922776527788553,Travel,0.7929421038270694,2023-05-14
454,1.0,Female,0.7317609330954045,Travel,0.6276009822845189,2023-11-27
455,0.8039215686274509,Female,0.4539659140869475,Groceries,0.7505886633048012,2023-09-06
456,0.09803921568627455,Male,0.7845061680502754,Groceries,0.15209240750659403,2023-02-07
457,0.27450980392156865,Female,0.5242066878733804,Electronics,0.45851060604529426,2023-03-16
458,0.823529411764706,Female,0.4299790519047249,Electronics,0.3513587258597516,2023-05-22
459,0.7058823529411765,Female,0.37638037603124114,Groceries,0.09379200226370095,2023-11-18
460,0.6274509803921569,Male,0.4366902009465436,Electronics,0.486331894940022,2023-06-17
461,0.13725490196078433,Male,0.42007396487961307,Healthcare,0.9211443816761492,2023-09-16
462,0.8431372549019608,Female,0.5284221687744071,Travel,0.04004931634210181,2023-12-21
463,0.8431372549019608,Male,0.526508392169033,Travel,0.2915727668691197,2023-08-13
464,0.07843137254901966,Female,0.49595262109809396,Groceries,0.20761371560235667,2023-06-01
465,0.7450980392156864,Male,0.5801199989655261,Clothing,0.23823431325983044,2023-01-19
466,0.05882352941176472,Male,0.7263040835854864,Groceries,0.9088355077663133,2023-05-26
467,0.09803921568627455,Male,0.679545865983914,Electronics,0.4682627105797702,2023-08-29
468,0.8627450980392156,Male,0.20734735045387542,Clothing,0.4664941942134144,2023-12-10
469,0.607843137254902,Female,0.0,Electronics,0.7609066930765112,2023-08-25
470,1.0,Female,0.6765846846147878,Healthcare,0.15453801299606884,2023-02-04
471,0.5686274509803921,Female,0.23023508418030875,Electronics,0.48746374541448967,2023-07-09
472,0.9019607843137255,Male,0.4517676571753692,Healthcare,0.4301638151445636,2023-01-01
473,0.6666666666666666,Female,0.26840716890371635,Healthcare,0.5971622891675846,2023-06-02
474,0.7647058823529412,Female,0.14584788062171877,Electronics,0.9999999999999999,2023-05-06
475,1.0,Female,0.6003827553210748,Electronics,0.769779592331713,2023-12-11
476,0.2941176470588236,Male,0.6426151498693977,Healthcare,0.39802734631592773,2023-08-14
477,0.23529411764705888,Male,0.3835441073783847,Clothing,0.8279183046496822,2023-08-09
479,0.8039215686274509,Female,0.3894147464245998,Travel,0.03044879892474205,2023-01-25
480,0.5686274509803921,Female,0.5713657640882406,Healthcare,0.20451123260537832,2023-01-16
481,0.3529411764705882,Female,0.208511133524711,Clothing,0.3405455115054622,2023-07-01
482,0.3137254901960784,Male,0.5309307678382083,Travel,0.51078794983477,2023-11-25
483,0.3529411764705882,Male,0.4923966172705408,Groceries,0.6153931664527604,2023-05-09
484,0.5294117647058824,Female,0.6077275195903484,Groceries,0.911008256444979,2023-02-11
485,0.4901960784313726,Male,0.5185558745183232,Clothing,0.51007043748042,2023-12-02
486,0.7058823529411765,Male,0.3066180463961518,Healthcare,0.501480500843835,2023-08-24
487,0.4901960784313726,Male,0.7274549357333127,Electronics,0.0502359706123109,2023-12-26
488,0.43137254901960786,Male,0.46462099464659784,Clothing,0.03489535436015079,2023-02-03
489,0.1568627450980392,Female,0.4900690511288696,Travel,0.551393085606298,2023-12-11
490,0.21568627450980393,Male,0.3143378074326945,Travel,0.4383596252766465,2023-02-14
491,0.0,Male,0.40938009155093485,Groceries,0.8395500894363991,2023-05-14
492,0.0,Male,0.3237385884604443,Travel,0.16072276737441007,2023-01-21
493,0.9019607843137255,Male,0.4618149843535832,Clothing,0.02495123947732762,2023-05-02
494,0.6470588235294118,Female,0.8273721778260532,Travel,0.44922336866997464,2023-03-11
495,0.607843137254902,Female,0.22926526495461247,Clothing,0.23755722413671135,2023-12-18
496,0.9215686274509803,Male,0.18239066904595652,Electronics,0.04960941052823058,2023-12-27
497,0.47058823529411764,Male,0.7807174076085552,Groceries,0.7249098056653159,2023-02-17
498,0.7647058823529412,Male,0.4547676313135232,Travel,0.11161864723656685,2023-02-08
499,0.8627450980392156,Male,0.3655830553184886,Clothing,0.6085818519903389,2023-10-14
500,0.0,Male,0.6970672666614943,Healthcare,0.2811536790193324,2023-01-10
501,0.2941176470588236,Male,0.37789329402332733,Groceries,0.17354703748244116,2023-01-30
502,0.7450980392156864,Female,0.8495487107869759,Electronics,0.37989752710882946,2023-09-01
503,0.07843137254901966,Male,0.62685235472108,Clothing,0.8017947914666559,2023-10-01
504,0.4117647058823529,Female,0.4007293040577236,Electronics,0.39224682424989643,2023-03-29
505,0.5490196078431373,Female,0.9138024672201102,Electronics,0.7510939536951886,2023-09-01
506,0.03921568627450983,Male,0.3778803631003181,Travel,0.1255141329722191,2023-11-25
507,0.21568627450980393,Female,0.6393048335790208,Travel,0.7731044031004618,2023-01-15
508,0.4901960784313726,Female,0.5534176429513538,Clothing,0.23701151051509303,2023-01-04
509,0.2941176470588236,Female,0.7478599322419635,Healthcare,0.6776853657797136,2023-07-10
510,0.9803921568627451,Female,0.7982388082861356,Clothing,0.566016189504108,2023-06-17
511,0.7058823529411765,Female,0.5015775726071328,Healthcare,0.9295524137721949,2023-01-09
512,0.4117647058823529,Female,0.3492254377117439,Electronics,0.3874768829646398,2023-04-19
513,0.5490196078431373,Male,0.5845811674037293,Groceries,0.06616272371732033,2023-05-17
514,0.2549019607843137,Female,0.3639149662502909,Clothing,0.019130294180065285,2023-06-03
515,0.5294117647058824,Female,0.8858846044430653,Clothing,0.8272210039109477,2023-07-28
516,0.07843137254901966,Female,0.5218532598856906,Healthcare,0.5249562923812315,2023-09-29
517,0.9019607843137255,Male,0.4245092714717977,Electronics,0.7755803260133599,2023-05-23
518,0.9411764705882354,Female,0.5311893862983941,Electronics,0.23450527017877176,2023-04-09
519,0.5686274509803921,Male,0.23407556831406623,Healthcare,0.34521439471264137,2023-11-04
520,0.8823529411764707,Female,0.306902526702356,Electronics,0.03008498984366315,2023-03-10
521,1.0,Male,0.7282049292678512,Travel,0.9619213161804089,2023-09-04
522,0.07843137254901966,Male,0.36794941422918764,Groceries,0.6681555890170081,2023-09-18
523,0.21568627450980393,Female,0.292303514624874,Clothing,0.9336149485109092,2023-10-03
524,0.2941176470588236,Female,0.5994517288644063,Groceries,0.2655907349954018,2023-03-20
525,0.4901960784313726,Male,0.7253471952827992,Clothing,0.6117247582185482,2023-05-26
526,0.4901960784313726,Female,0.6348178032947991,Travel,0.678786898830758,2023-04-21
527,0.9215686274509803,Male,0.6885587193213851,Electronics,0.3176659626287227,2023-09-15
528,0.3921568627450981,Male,0.3485788915612797,Healthcare,0.8484836235384475,2023-04-03
529,0.7450980392156864,Male,0.2195800036206585,Travel,0.9475811749012157,2023-01-13
530,0.6862745098039217,Male,0.7865751157317611,Groceries,0.8852485523430316,2023-09-17
531,0.6274509803921569,Male,0.4327721312747304,Healthcare,0.7393914282538174,2023-04-19
532,0.5686274509803921,Female,0.446711666278739,Electronics,0.2775661172475822,2023-11-26
533,0.7058823529411765,Male,0.75298057775364,Travel,0.2817196042565663,2023-07-08
534,0.43137254901960786,Male,0.603253420229136,Healthcare,0.9637908906248421,2023-04-05
535,0.17647058823529416,Female,0.5837923811001628,Travel,0.010257394924863321,2023-04-15
536,0.07843137254901966,Male,0.9153024542891872,Travel,0.7163602922599618,2023-01-08
537,0.6862745098039217,Female,0.3705485297540539,Electronics,0.7065475528786394,2023-03-08
538,0.6470588235294118,Female,0.6753303850828871,Clothing,0.6229523106929553,2023-07-10
539,1.0,Female,0.5064266687356143,Healthcare,0.9905510696997565,2023-09-13
540,0.5882352941176471,Male,0.5474564874440737,Electronics,0.3119966044485766,2023-01-09
541,0.17647058823529416,Male,0.7918380013965398,Travel,0.3401008559619213,2023-04-27
542,0.3529411764705882,Male,0.5938655701243956,Electronics,0.07894657059412044,2023-09-24
543,0.607843137254902,Female,0.5997750019396384,Clothing,0.4429779794447869,2023-04-09
544,0.0,Male,0.7033904880130344,Healthcare,0.26114417955999314,2023-10-25
545,0.07843137254901966,Female,0.42457392608684413,Clothing,0.3435166190009398,2023-06-13
546,0.8627450980392156,Male,0.3325833397987948,Groceries,0.8349418410760664,2023-05-21
547,0.05882352941176472,Female,0.29270437323816173,Healthcare,0.93589886107546,2023-09-25
548,0.2941176470588236,Male,0.11396022448082344,Clothing,0.18579527654543065,2023-02-06
549,0.4509803921568628,Male,0.8941991879380351,Travel,0.37265166291067475,2023-03-15
550,0.2941176470588236,Male,0.28137688468202865,Healthcare,0.9290370175739998,2023-03-14
551,0.019607843137254943,Female,0.4524529960948613,Healthcare,0.061807120552181335,2023-11-04
552,0.9411764705882354,Female,0.441668606305118,Electronics,0.09237718917061635,2023-07-18
553,0.5294117647058824,Male,0.5549952155584865,Travel,0.16283488120622922,2023-05-10
554,0.607843137254902,Male,0.6535935035042801,Groceries,0.5954645134558831,2023-09-03
555,0.5098039215686275,Female,0.66227015284351,Clothing,0.15051590148858549,2023-11-08
556,0.37254901960784315,Female,0.3822639460004655,Electronics,0.96851030287106,2023-03-01
557,0.4509803921568628,Female,0.46295290557840013,Clothing,0.4468990328741928,2023-10-06
558,0.21568627450980393,Male,0.5501719812760235,Groceries,0.5017230402312208,2023-04-13
559,0.9607843137254902,Female,0.4471254558150361,Groceries,0.2467434034339535,2023-10-23
560,0.6666666666666666,Male,0.8071352833165233,Healthcare,0.47115297161278585,2023-11-16
561,0.6274509803921569,Female,0.5905940466030466,Groceries,0.6621931624104372,2023-12-07
562,0.6274509803921569,Male,0.6379082938940182,Clothing,0.7515082918153062,2023-05-31
563,0.9803921568627451,Female,0.6239428970439911,Travel,0.7541964366921671,2023-06-06
564,0.823529411764706,Female,0.7229808363721002,Travel,0.5781330530655968,2023-07-25
565,0.7058823529411765,Female,0.5304781855328833,Healthcare,0.9047628672197913,2023-06-28
566,0.21568627450980393,Female,0.24382548426306666,Clothing,0.8177619678028963,2023-07-16
567,0.03921568627450983,Female,0.5728916130033361,Clothing,0.7573797661516074,2023-08-11
568,0.0,Male,0.36902268083895834,Groceries,0.055602154558224606,2023-03-30
569,0.6274509803921569,Female,0.3928285100990509,Clothing,0.006851737693652542,2023-10-14
570,0.7647058823529412,Female,0.6090981974293326,Electronics,0.212515032389114,2023-10-03
571,0.17647058823529416,Female,0.7355496935371246,Groceries,0.6638100916596767,2023-08-24
572,0.823529411764706,Male,0.4994956940026379,Electronics,0.4113670126221539,2023-07-02
573,0.8431372549019608,Female,0.5552667649416816,Healthcare,0.4025648540216062,2023-07-28
574,0.5490196078431373,Male,0.8255359867587349,Travel,0.8849756955322223,2023-05-10
575,0.23529411764705888,Female,0.5420642925492021,Healthcare,0.8959607086192435,2023-06-02
576,0.21568627450980393,Female,1.0,Travel,0.9095732317362789,2023-01-13
577,0.5882352941176471,Male,0.6050508185274266,Healthcare,0.31399755439451055,2023-05-02
578,0.8823529411764707,Female,0.15383919104145655,Clothing,0.6913585237435954,2023-12-25
579,0.019607843137254943,Male,0.6414901595675899,Electronics,0.27173506614251214,2023-08-08
580,0.9803921568627451,Male,0.5692968164067551,Travel,0.19066627590876475,2023-04-16
581,0.9607843137254902,Female,0.7455323661002924,Groceries,0.18469374349438622,2023-03-11
582,0.6666666666666666,Male,0.6259342591874208,Electronics,0.3422432872171637,2023-07-14
583,0.43137254901960786,Female,0.46851320247239253,Groceries,0.43013349772114035,2023-07-05
584,0.3137254901960784,Female,0.25789432849716815,Electronics,0.8313138560730852,2023-04-09
585,0.4901960784313726,Male,0.4548193550055603,Electronics,0.11991551544672724,2023-03-23
586,0.13725490196078433,Male,0.33039801381022577,Healthcare,0.7352480470526412,2023-03-16
587,0.5490196078431373,Male,0.38276825199782766,Travel,0.5316766545733833,2023-12-06
588,0.4901960784313726,Male,0.6095249178886388,Travel,0.2880559457520237,2023-07-11
589,0.17647058823529416,Female,0.819264489099232,Electronics,0.49302193970875063,2023-11-21
590,0.4901960784313726,Female,0.5719217937776397,Clothing,0.3000515396198195,2023-08-02
591,0.6470588235294118,Male,0.26340290169912334,Clothing,0.5963336129273493,2023-11-11
592,0.9803921568627451,Female,0.5816070551115939,Groceries,0.43402423372712295,2023-11-14
593,0.7843137254901961,Female,0.7274678666563219,Groceries,0.16445181045546875,2023-05-24
594,0.11764705882352944,Female,0.3770915767967517,Healthcare,0.11661091629359394,2023-08-04
595,0.05882352941176472,Female,0.46936664339100526,Electronics,0.5469263185552737,2023-12-27
596,0.9607843137254902,Male,0.4982155326247188,Groceries,0.902812446312896,2023-11-20
597,0.8627450980392156,Male,0.3431220420513616,Groceries,0.3440926500459814,2023-01-15
598,0.1960784313725491,Female,0.6211110249049576,Electronics,0.7333178377613614,2023-08-05
599,0.5490196078431373,Male,0.47190110430082494,Healthcare,0.6589390922963427,2023-02-04
600,0.6862745098039217,Male,0.5767320971370937,Groceries,0.9319677018382464,2023-07-02
601,0.47058823529411764,Male,0.323221351540073,Healthcare,0.8213394237668388,2023-09-27
602,0.3921568627450981,Female,0.4105180127757519,Travel,0.5668448657443433,2023-12-24
603,0.6862745098039217,Female,0.6354772803682727,Healthcare,0.6573120572392954,2023-04-10
604,0.17647058823529416,Female,0.42304807717174847,Clothing,0.8987802289976049,2023-01-07
605,0.7058823529411765,Male,0.8303333591951794,Clothing,0.39967459298859054,2023-01-30
606,0.1568627450980392,Female,0.4178498461220162,Healthcare,0.3269228825806191,2023-11-01
607,0.4509803921568628,Female,0.5389479401039645,Clothing,0.010782896930866169,2023-05-24
608,0.6666666666666666,Male,0.6762484806165463,Travel,0.8269178296767151,2023-04-21
609,0.9411764705882354,Female,0.2202524116171412,Electronics,0.8013299243074995,2023-08-20
610,0.6666666666666666,Female,0.15382626011844724,Clothing,0.10447384111648964,2023-06-28
611,0.9215686274509803,Male,0.19944655649520265,Clothing,0.5771022606692067,2023-03-13
612,0.6862745098039217,Male,0.7402565495125042,Healthcare,0.4641698584176326,2023-07-29
613,0.33333333333333337,Male,0.38832854889181995,Travel,0.11873313593322082,2023-08-08
614,0.9411764705882354,Female,0.9915561072749373,Electronics,0.9810010813214354,2023-03-21
615,0.7450980392156864,Female,0.38592339721209296,Healthcare,0.21476862753024165,2023-03-24
616,0.607843137254902,Female,0.5311635244523754,Healthcare,0.06723393934494154,2023-02-11
617,0.4509803921568628,Male,0.7944759096904337,Travel,0.5951007043748042,2023-09-30
618,0.43137254901960786,Male,0.8844751338350532,Electronics,0.7391893120976626,2023-07-10
619,0.607843137254902,Female,0.8952207308557685,Travel,0.03242953725506048,2023-06-22
620,0.7058823529411765,Female,0.729743709105956,Electronics,0.6589997271431892,2023-01-07
621,0.21568627450980393,Male,0.6939897069852845,Travel,0.5325154366214263,2023-06-04
622,0.9411764705882354,Male,0.6102878423461866,Healthcare,0.10328135579517549,2023-01-10
623,0.23529411764705888,Male,0.6463392556960716,Healthcare,0.17257687993289744,2023-02-03
624,0.43137254901960786,Male,0.38845785812191275,Groceries,0.5682091497983891,2023-02-05
625,0.47058823529411764,Female,0.33666951146972873,Clothing,0.29646397784806927,2023-01-06
626,0.6666666666666666,Male,0.4947112524892027,Travel,0.9387284872616292,2023-08-03
627,0.7843137254901961,Female,0.4623580831199731,Groceries,0.8190959344335189,2023-05-14
628,0.5686274509803921,Female,0.40745338402255155,Clothing,0.9840025062403364,2023-10-12
629,0.3137254901960784,Female,0.6304342203946518,Travel,0.25975968389033177,2023-05-06
630,0.9411764705882354,Male,0.6806579253627123,Electronics,0.9701575495437228,2023-12-03
631,0.37254901960784315,Male,0.5125171334729872,Clothing,0.4314068295049165,2023-06-23
632,0.9215686274509803,Male,0.7819458452944372,Healthcare,0.34764989439430843,2023-06-01
633,0.47058823529411764,Male,0.27391574210567154,Groceries,0.05034713449819611,2023-11-27
634,0.4117647058823529,Female,0.45780639822070496,Clothing,0.052762422564247666,2023-01-26
635,0.23529411764705888,Male,0.356324514443841,Clothing,0.6923084696775237,2023-04-25
636,0.3529411764705882,Male,0.1333178162257222,Healthcare,0.4581164795407921,2023-10-11
637,0.9411764705882354,Female,0.4793234541081542,Travel,0.2266025284731135,2023-03-16
638,0.6862745098039217,Male,0.47174593322471353,Electronics,0.6142309985548695,2023-06-15
639,0.21568627450980393,Female,0.7889156127964414,Healthcare,0.2529483694279102,2023-07-08
640,0.7843137254901961,Female,0.6177231230765252,Electronics,0.5778804078704032,2023-03-19
641,0.3529411764705882,Female,0.29671295937103986,Travel,0.35935241983567956,2023-03-31
642,0.21568627450980393,Female,0.8549926293738848,Clothing,0.8239164047578144,2023-06-25
643,0.1568627450980392,Female,0.73220058447772,Electronics,0.8210564611482218,2023-01-21
644,0.11764705882352944,Female,0.6082706183567383,Groceries,0.47754994795508976,2023-02-23
645,0.5294117647058824,Female,0.4514314531771278,Groceries,0.35095449354744174,2023-07-03
646,0.2549019607843137,Female,0.30926888561305504,Healthcare,0.36269744222004385,2023-12-25
647,0.5882352941176471,Male,0.423164455478832,Travel,0.8060695481693329,2023-08-10
648,1.0,Male,0.7065456332272997,Healthcare,0.3283073782502804,2023-11-11
649,0.3529411764705882,Male,0.8609020611891278,Healthcare,0.20912958677351873,2023-11-24
650,0.9019607843137255,Male,0.7946957353815916,Healthcare,0.08469677523672856,2023-06-28
651,0.2941176470588236,Female,0.4005482711355936,Groceries,0.4668883207179166,2023-10-03
652,0.07843137254901966,Male,0.27819587762174464,Groceries,0.48232999504815416,2023-04-22
653,0.6666666666666666,Female,0.5226937698812941,Healthcare,0.8412781825715239,2023-08-12
654,0.21568627450980393,Male,0.15235213489538885,Groceries,0.22131719098966177,2023-08-02
655,0.47058823529411764,Male,0.5580469133886776,Travel,0.38114054146918236,2023-02-28
656,1.0,Male,0.46672873509711127,Healthcare,0.8087576930461937,2023-11-23
657,0.3921568627450981,Female,0.40497064680476896,Groceries,0.8239871454124685,2023-04-19
658,0.6862745098039217,Male,0.186050120257584,Electronics,0.3847584206643558,2023-06-06
659,0.43137254901960786,Female,0.5949905604262031,Healthcare,0.4593089648621062,2023-07-10
660,0.2941176470588236,Female,0.3920397237954845,Healthcare,0.3033965620041838,2023-07-19
661,0.7450980392156864,Male,0.2684459616727442,Travel,0.9329681768112135,2023-11-08
663,0.8039215686274509,Male,0.49003025835984176,Clothing,0.9341606621325276,2023-02-04
664,0.7450980392156864,Female,0.8391134559184834,Travel,0.6841631885844794,2023-09-03
665,0.2549019607843137,Male,0.817583469108025,Travel,0.5317979242670763,2023-08-25
666,0.5882352941176471,Female,0.406703390488013,Travel,0.03264175921902317,2023-04-14
667,0.07843137254901966,Female,0.3785527710968009,Clothing,0.4757915373965418,2023-01-07
668,0.6666666666666666,Male,0.5862880492409548,Travel,0.40791082635190445,2023-10-10
669,0.43137254901960786,Male,0.301717226575633,Groceries,0.16126848099602842,2023-01-01
670,0.5490196078431373,Female,0.5538960871026974,Healthcare,0.6566956029630229,2023-08-07
671,0.823529411764706,Female,0.6439599658623631,Healthcare,0.9715824684446152,2023-08-18
672,0.1960784313725491,Female,0.733338505702537,Electronics,0.5624286277323578,2023-06-21
673,0.33333333333333337,Male,0.4759355522797217,Electronics,0.7150667488605702,2023-03-28
674,0.9019607843137255,Female,0.45585382884630304,Healthcare,0.06845674208967893,2023-02-10
675,0.21568627450980393,Male,0.3250704735304006,Groceries,0.4178347296191121,2023-05-03
676,0.1568627450980392,Female,0.3349755605555124,Clothing,0.11637848271401574,2023-11-27
677,0.17647058823529416,Female,0.4514314531771278,Clothing,0.6130587248491708,2023-10-25
678,0.8431372549019608,Male,0.5666201153438333,Groceries,0.938900285994361,2023-06-27
679,0.3137254901960784,Female,0.6725631675589003,Clothing,0.6620617869089366,2023-03-04
680,0.7254901960784313,Male,0.3395789691468177,Travel,0.0768142451466858,2023-06-14
681,0.11764705882352944,Male,0.7848940957405539,Healthcare,0.35480480632219336,2023-07-06
682,0.8823529411764707,Female,0.44278066568391655,Healthcare,0.5508979010237183,2023-07-28
683,0.23529411764705888,Male,0.4912199032766959,Groceries,0.403373318646226,2023-08-15
684,0.7647058823529412,Male,0.3504280135516073,Clothing,0.8340121067577536,2023-02-17
685,0.8039215686274509,Female,0.025150645253058157,Electronics,0.8150232938869968,2023-08-12
686,0.1568627450980392,Male,0.6668347686657874,Electronics,0.6120885672996271,2023-01-03
687,0.9607843137254902,Male,0.6382832906612874,Clothing,0.37360160884460303,2023-06-24
688,0.5098039215686275,Male,0.44080223446349603,Electronics,0.2554242923408082,2023-04-09
689,0.019607843137254943,Female,0.5083533762639978,Groceries,0.10589876001738198,2023-04-26
690,0.07843137254901966,Male,0.5954431427315281,Groceries,0.35503723990177155,2023-09-27
691,0.5490196078431373,Female,0.19228282514805906,Clothing,0.41333764514466464,2023-09-10
692,0.7058823529411765,Female,0.3927509245609952,Electronics,0.676108859761705,2023-11-13
693,0.7254901960784313,Male,0.6494168153722812,Groceries,0.6584439077137632,2023-04-05
694,0.3529411764705882,Male,0.25207541314299015,Groceries,0.07011409457014946,2023-09-30
695,0.13725490196078433,Male,0.5523055835725554,Travel,0.395420047901529,2023-01-24
696,0.9215686274509803,Female,0.23223937724674787,Travel,0.18183379988479378,2023-04-26
697,0.8627450980392156,Male,0.5858354669356298,Groceries,0.15685224298404293,2023-05-31
698,0.0,Male,0.488452685752709,Clothing,0.8276656594544884,2023-12-04
699,0.4117647058823529,Male,0.18209325781674296,Healthcare,0.04190878497872727,2023-02-19
700,1.0,Male,0.721286885457884,Healthcare,0.4193506007902742,2023-07-25
701,0.3137254901960784,Male,0.3528848889233714,Groceries,0.16825159419118169,2023-12-01
702,0.11764705882352944,Female,0.33820829130783353,Groceries,0.8797206754721938,2023-03-20
703,0.47058823529411764,Female,0.5342669459746037,Groceries,0.5572746657504067,2023-03-11
704,0.8627450980392156,Male,0.7181576020896372,Clothing,0.23146342202863984,2023-01-27
705,0.05882352941176472,Male,0.2983293247472005,Travel,0.5026325629339181,2023-09-28
706,0.6862745098039217,Male,0.5073318333462642,Groceries,0.7318019665901994,2023-02-19
707,0.09803921568627455,Male,0.5785424263583934,Groceries,0.9585459763726213,2023-10-19
708,0.5882352941176471,Female,0.6298006051671969,Electronics,0.22051883217284973,2023-09-04
709,0.3529411764705882,Male,0.5295859518452428,Clothing,0.8865724131658465,2023-09-21
710,0.8431372549019608,Female,0.42417306747355626,Groceries,0.9347164815619537,2023-03-20
711,0.7450980392156864,Female,0.3348462513254196,Electronics,0.9168292017422413,2023-07-09
712,0.5098039215686275,Male,0.5120774820906717,Healthcare,0.6356856285307165,2023-02-16
713,0.17647058823529416,Female,0.28740269480435515,Groceries,0.6300870110052247,2023-12-27
715,0.3529411764705882,Female,0.5800424134274704,Electronics,0.7527209887522359,2023-12-18
716,0.7450980392156864,Female,0.6707011146455635,Clothing,0.5315149616484593,2023-07-08
717,0.03921568627450983,Male,0.03704709442159981,Groceries,0.6777257890109446,2023-09-13
718,0.8627450980392156,Male,0.2995189696640546,Healthcare,0.42862773235778606,2023-08-10
719,0.23529411764705888,Female,0.6154602115499004,Groceries,0.731812072398007,2023-08-29
720,0.9607843137254902,Male,0.8944448754752115,Healthcare,0.8248360332683193,2023-09-26
721,0.5294117647058824,Male,0.4993922466185637,Travel,0.14647357836548663,2023-01-01
722,0.37254901960784315,Male,0.3541521193782812,Travel,0.8332945944034037,2023-02-03
723,0.5294117647058824,Male,0.4598882768251998,Healthcare,0.5405192364051621,2023-03-20
724,0.13725490196078433,Male,0.7620451547831484,Clothing,0.8450375430760058,2023-08-24
725,0.7843137254901961,Female,0.3700700856027103,Groceries,0.4314775701595707,2023-11-30
726,0.7450980392156864,Male,0.3403548245273748,Groceries,0.3791901205622871,2023-12-15
727,0.0,Male,0.4017249851294385,Travel,0.9154649176881954,2023-04-08
728,0.03921568627450983,Male,0.3104585305299092,Healthcare,0.2512606995240165,2023-03-23
729,0.23529411764705888,Male,0.5191636278997596,Groceries,0.8445827817246572,2023-07-11
730,0.5294117647058824,Female,0.8104973232989372,Groceries,0.4842197811082029,2023-09-10
731,0.9411764705882354,Female,0.5580339824656684,Clothing,0.5143047709518661,2023-02-07
732,0.47058823529411764,Female,0.4464142550495254,Electronics,0.30858084140955805,2023-01-14
733,0.6274509803921569,Female,0.43875914862802906,Travel,0.5732822653178782,2023-12-13
734,0.7254901960784313,Male,0.1921664468409755,Travel,0.32533627075480276,2023-11-06
735,0.09803921568627455,Female,0.6666537357436573,Electronics,0.039261063333097534,2023-07-28
736,0.8431372549019608,Male,0.480267411487832,Groceries,0.27209887522359094,2023-12-23
737,0.8627450980392156,Male,0.460353790053534,Clothing,0.006356553111072933,2023-03-30
739,0.8627450980392156,Male,0.5533141955672796,Travel,0.9661758612674705,2023-04-04
740,0.9019607843137255,Male,0.34954871078697597,Clothing,0.3953088840156438,2023-04-03
741,0.3921568627450981,Female,0.4126645459952932,Electronics,0.7286893777854133,2023-12-06
742,0.2941176470588236,Female,0.7181188093206092,Groceries,0.34594201287479914,2023-03-26
743,0.3921568627450981,Female,0.5173403677554504,Electronics,0.6713793417076794,2023-09-02
744,0.1960784313725491,Female,0.21638606563736518,Healthcare,0.805786585550716,2023-01-22
745,0.7058823529411765,Male,0.6736622960146896,Travel,0.9471769425889058,2023-10-18
746,0.6862745098039217,Female,0.3657640882406186,Clothing,0.40037189372732507,2023-09-29
747,0.6666666666666666,Male,0.8587167352005587,Healthcare,0.7836447606439421,2023-11-02
748,0.3529411764705882,Female,0.7048516823130835,Clothing,0.26602528473113496,2023-05-02
749,0.37254901960784315,Male,0.40860423617037783,Groceries,0.9907733974715268,2023-05-08
750,0.33333333333333337,Male,0.743838415186076,Groceries,0.02574959829413964,2023-04-23
751,0.9019607843137255,Female,0.5085214782631184,Groceries,0.603781593281659,2023-09-30
752,0.7843137254901961,Male,0.6607701657744329,Clothing,0.6597879801521934,2023-12-02
753,0.9411764705882354,Male,0.5893785398401739,Healthcare,0.6883469930168867,2023-05-10
754,0.2549019607843137,Female,0.3311997310368014,Groceries,0.12041070002930684,2023-05-12
755,0.27450980392156865,Male,0.37053559883104453,Healthcare,0.9389407092255919,2023-03-26
756,0.5882352941176471,Female,0.695140559133111,Clothing,0.1812375572241367,2023-12-16
757,0.0,Female,0.4304316342100499,Healthcare,0.6230230513476095,2023-03-22
758,0.03921568627450983,Female,0.4170739907414592,Clothing,0.22275221569836184,2023-11-21
759,0.2941176470588236,Male,0.3101093956086585,Clothing,0.3073277212413974,2023-03-10
760,0.43137254901960786,Male,0.57752088344066,Travel,0.5466837791678878,2023-05-28
761,0.1960784313725491,Male,0.8954146947009078,Clothing,0.417359756652148,2023-01-16
762,0.21568627450980393,Female,0.2883078594150051,Clothing,0.16026800602306146,2023-11-03
763,0.17647058823529416,Male,0.5000646546150465,Electronics,0.17099026810708112,2023-04-15
764,0.607843137254902,Female,0.7692864716683476,Groceries,0.4183097025860762,2023-06-14
765,0.2941176470588236,Female,0.4799182765665813,Travel,0.7576121997311855,2023-07-20
766,0.13725490196078433,Male,0.5831070421806708,Travel,0.8983658908774873,2023-07-16
767,0.7254901960784313,Female,0.28930354048671997,Travel,0.08414095580730246,2023-07-04
768,0.21568627450980393,Male,0.5784389789743192,Electronics,0.39325740503067114,2023-11-18
769,0.4509803921568628,Male,0.45906069775260555,Clothing,0.10025971926065909,2023-09-22
770,0.5294117647058824,Male,0.6865544262549461,Groceries,0.016573524804705263,2023-12-29
771,0.13725490196078433,Male,0.7256704683580315,Healthcare,0.6620011520620901,2023-04-10
772,0.5294117647058824,Male,0.9976465720123102,Clothing,0.60270027184623,2023-12-08
773,0.6862745098039217,Female,0.6077921742053949,Electronics,0.16306731478580738,2023-11-16
774,0.4901960784313726,Female,0.5585512193860398,Clothing,0.23388881590249916,2023-08-02
775,0.13725490196078433,Female,0.5330643701347402,Clothing,0.02368801350135923,2023-10-05
776,0.9607843137254902,Male,0.42686269945948746,Electronics,0.8353157559649531,2023-06-11
777,0.5294117647058824,Male,0.561021025680813,Travel,0.9751195011773267,2023-06-06
778,0.5294117647058824,Male,0.43806087878552774,Travel,0.13548856527846553,2023-09-08
779,0.7058823529411765,Female,0.5280342410841286,Groceries,0.23155437429890957,2023-04-07
780,0.7843137254901961,Male,0.7509245609951638,Groceries,0.8687962972320192,2023-01-18
781,0.6862745098039217,Female,0.300126723045491,Travel,0.9268743747031419,2023-11-23
782,0.5098039215686275,Female,0.716463651175421,Healthcare,0.41979525633381504,2023-04-07
783,0.3137254901960784,Male,0.7508340445340989,Clothing,0.05061999130900528,2023-01-01
784,0.1568627450980392,Male,0.4724571339902242,Healthcare,0.03938233302679049,2023-08-04
785,0.6274509803921569,Female,0.08380531202317221,Clothing,0.5741917880205755,2023-05-12
786,0.37254901960784315,Male,0.37746657356402097,Travel,0.3930552888745162,2023-09-17
787,0.23529411764705888,Female,0.746928905785295,Groceries,0.028639859327155317,2023-05-05
788,0.5294117647058824,Male,0.49092249204748234,Groceries,0.5834992370115105,2023-03-23
789,0.9215686274509803,Male,0.301536193653503,Healthcare,0.011278081513445778,2023-10-10
790,0.5490196078431373,Female,0.39745778053637465,Groceries,0.7877174011904642,2023-06-20
791,0.23529411764705888,Male,0.6584167377867431,Travel,0.3065495740402009,2023-02-28
792,0.8823529411764707,Female,0.6014172291618176,Healthcare,0.040251432498256745,2023-02-01
793,0.6666666666666666,Male,0.4490263014974009,Clothing,0.5886026699544228,2023-06-10
794,0.09803921568627455,Female,0.4242118602425841,Groceries,0.3978454417753883,2023-10-11
795,0.33333333333333337,Female,0.41937569503711175,Electronics,0.9742301900902448,2023-04-16
796,0.9803921568627451,Male,0.31644554788320794,Groceries,0.5444301840267601,2023-04-15
797,0.07843137254901966,Female,0.8086869940776373,Clothing,0.2753428395298778,2023-08-16
798,0.9019607843137255,Male,0.4328497168127861,Healthcare,0.7097409881458875,2023-07-07
799,0.47058823529411764,Male,0.7314505909431817,Clothing,0.2715935848332036,2023-03-11
800,0.019607843137254943,Male,0.790441461711537,Electronics,0.9046415975260983,2023-11-14
801,0.17647058823529416,Female,0.6889983707037008,Travel,0.3748648348205714,2023-10-17
802,0.5686274509803921,Female,0.4116430030775597,Groceries,0.5500995422069063,2023-03-28
803,0.9607843137254902,Male,0.5736674683838932,Healthcare,0.050569462269966545,2023-12-28
804,0.8627450980392156,Male,0.490676804510306,Travel,0.4262932907541965,2023-02-25
805,0.07843137254901966,Female,0.3200791372488168,Clothing,0.8327286691661697,2023-04-23
806,0.6274509803921569,Male,0.5582796700028447,Healthcare,0.8059988075146787,2023-01-13
807,0.0,Male,0.2666744252204722,Travel,0.22439946237102465,2023-01-18
808,0.33333333333333337,Female,0.725735122973078,Healthcare,0.22615787292957262,2023-07-01
809,0.607843137254902,Male,0.4052421961879639,Electronics,0.8176609097248189,2023-04-23
810,0.9019607843137255,Female,0.5343833242816873,Electronics,0.9308055339403556,2023-08-17
811,0.9411764705882354,Male,0.5503142214291257,Groceries,0.09537861408951724,2023-06-20
812,0.1960784313725491,Female,0.4451470245946156,Groceries,0.4502440552585571,2023-10-22
813,0.3921568627450981,Male,0.609162852044379,Electronics,0.33758450981779226,2023-07-08
814,0.4901960784313726,Male,0.40325083404453405,Healthcare,0.8710701039887624,2023-03-20
815,0.47058823529411764,Female,0.664364962371014,Electronics,0.08353460733883762,2023-05-26
816,0.4117647058823529,Male,0.2342953940052241,Groceries,0.21119117156629913,2023-07-01
817,0.5098039215686275,Female,0.5198748286652701,Electronics,0.7527917294068902,2023-10-13
818,0.9411764705882354,Male,0.8714407634416945,Electronics,0.0512869746243166,2023-09-07
819,0.23529411764705888,Female,0.3013422298083637,Healthcare,0.4927389770901337,2023-12-20
820,0.6274509803921569,Female,0.36390203532728166,Travel,0.4422907845138601,2023-11-10
821,0.6470588235294118,Female,0.5950422841182403,Groceries,0.33453255585985264,2023-07-15
822,0.7843137254901961,Female,0.530193705226679,Healthcare,0.3947328529706022,2023-11-19
823,0.6666666666666666,Male,0.5633744536685028,Electronics,0.5301607834022213,2023-03-12
824,0.0,Male,0.5902449116817958,Electronics,0.16140996230533688,2023-09-05
825,0.3921568627450981,Female,0.6184731166110637,Travel,0.5722413671136802,2023-05-26
826,0.9215686274509803,Female,0.7106059430522151,Groceries,0.805786585550716,2023-04-16
827,0.09803921568627455,Female,0.5748571133007474,Groceries,0.7604923549563933,2023-09-20
828,0.5294117647058824,Male,0.44857371919207595,Clothing,0.15394177033541176,2023-10-23
829,0.3137254901960784,Male,0.6258178808803372,Groceries,0.14929309874384808,2023-03-11
830,0.07843137254901966,Male,0.8638761734812632,Travel,0.2682687740644549,2023-07-12
831,0.5882352941176471,Male,0.4696381927742002,Clothing,0.361211888472305,2023-03-09
832,0.07843137254901966,Female,0.30634649701295674,Clothing,0.40861823289844673,2023-11-01
833,0.7254901960784313,Female,0.710101637054853,Electronics,0.67998948995988,2023-02-21
834,0.03921568627450983,Female,0.4720174826079086,Electronics,0.0566733701858458,2023-12-29
835,0.43137254901960786,Male,0.07393901776708822,Groceries,0.03466292078057259,2023-10-12
836,0.7058823529411765,Male,0.6597356919336903,Clothing,0.392064919709357,2023-11-30
837,0.7058823529411765,Male,0.39153541779812245,Electronics,0.6974624316594747,2023-01-09
838,0.17647058823529416,Female,0.477810536116068,Travel,0.19349590209493395,2023-09-08
839,0.17647058823529416,Female,0.5597537952259033,Electronics,0.6417794306387882,2023-11-28
840,0.3529411764705882,Male,0.5323143766002016,Electronics,0.25992137681525573,2023-10-25
841,0.3137254901960784,Female,0.6329686813044715,Clothing,0.8864814608955767,2023-07-03
842,0.3921568627450981,Male,0.41089300954302116,Clothing,0.8960819783129365,2023-06-28
843,0.2549019607843137,Male,0.5948871130421289,Healthcare,0.297393712166382,2023-07-17
844,0.1568627450980392,Female,0.44501771536452267,Travel,0.23006882055117076,2023-05-08
845,0.8823529411764707,Male,0.6386712183515659,Clothing,0.41146807070023145,2023-01-20
846,0.0,Female,0.6147231489383713,Groceries,0.24061928390245874,2023-11-24
847,0.9803921568627451,Male,0.3139240178963974,Travel,0.672672885107071,2023-03-06
848,0.8627450980392156,Female,0.7060025344609098,Travel,0.8264226450941355,2023-07-01
849,0.23529411764705888,Female,0.39140610856802954,Clothing,0.6733802916536133,2023-08-29
850,0.05882352941176472,Female,0.6520935164352031,Travel,0.8247147635746264,2023-01-24
851,0.0,Male,0.566607184420824,Clothing,0.39714814103665375,2023-03-24
852,0.9411764705882354,Male,0.8519021387746657,Electronics,0.15635705840146333,2023-11-15
853,0.7647058823529412,Female,0.4520262756355549,Healthcare,0.7382696835871576,2023-07-04
854,0.607843137254902,Female,0.4276126929940259,Electronics,0.36061564581164796,2023-11-12
855,0.6470588235294118,Male,0.49159490004396517,Clothing,0.6715612462482188,2023-04-09
856,0.5294117647058824,Male,0.4365608917164507,Clothing,0.27074469697735287,2023-03-03
857,0.5882352941176471,Male,0.6505288747510798,Electronics,0.08124058896647904,2023-10-13
858,0.13725490196078433,Female,0.18186050120257585,Groceries,0.9930269926126544,2023-01-22
859,0.7450980392156864,Male,0.2909845604779269,Groceries,0.15624589451557808,2023-07-31
860,0.4901960784313726,Male,0.28824320479995863,Groceries,0.9888633997958627,2023-05-06
861,0.6470588235294118,Female,0.6796881061370161,Clothing,0.9777166937839176,2023-02-11
862,0.03921568627450983,Male,0.8271652830579048,Travel,0.7941649065718068,2023-04-08
863,0.9607843137254902,Male,0.47510797320712755,Clothing,0.6597071336897316,2023-01-31
864,0.21568627450980393,Male,0.46261670158015883,Travel,0.5780522066031348,2023-06-07
865,0.0,Female,0.5089481987224247,Electronics,0.8664820672440452,2023-04-22
866,0.8431372549019608,Female,0.7207308557684848,Healthcare,0.2895516053075703,2023-09-04
867,0.07843137254901966,Female,0.3154886595805209,Travel,0.46786858407526805,2023-05-02
868,0.5686274509803921,Female,0.5415987793208679,Groceries,0.6196578173476297,2023-09-30
869,0.5686274509803921,Female,0.6845113404194791,Clothing,0.41135690681434617,2023-10-21
870,0.3137254901960784,Female,0.5925595469004576,Electronics,0.4276575748082423,2023-07-26
871,0.9215686274509803,Female,0.5321333436780717,Groceries,0.33040938627429184,2023-04-20
872,0.9019607843137255,Male,0.6895285385470815,Electronics,0.5644700009095227,2023-10-05
874,0.27450980392156865,Female,0.62685235472108,Clothing,0.2015906541489394,2023-02-26
875,0.7058823529411765,Male,0.36849251299557767,Clothing,0.9348478570634544,2023-10-18
876,0.3921568627450981,Male,0.14028758372772648,Healthcare,0.6893878912210848,2023-04-24
877,0.2549019607843137,Female,0.5945250471978689,Clothing,0.8236334421391973,2023-11-04
878,0.019607843137254943,Male,0.761799467245972,Travel,0.556425777894556,2023-12-07
879,0.1960784313725491,Male,0.4687071663175318,Electronics,0.779855082716037,2023-07-17
880,0.9803921568627451,Male,0.6801924121343781,Groceries,0.016179398300203127,2023-11-17
881,0.7450980392156864,Male,0.8080921716192102,Healthcare,0.8187422311602478,2023-06-28
882,0.7254901960784313,Male,0.7504073240747926,Travel,0.04013016280456379,2023-08-07
883,0.6470588235294118,Female,0.8134585046680634,Groceries,0.890301456246905,2023-10-04
884,0.7254901960784313,Female,0.6393048335790208,Groceries,0.9924004325285741,2023-01-16
885,0.9607843137254902,Female,0.5099956034861768,Healthcare,0.2941800652835184,2023-03-02
886,0.6470588235294118,Male,0.184640649649572,Travel,0.21039281274948712,2023-02-23
887,0.33333333333333337,Female,0.4476426927354074,Groceries,0.7656968459773832,2023-06-17
888,0.5686274509803921,Male,0.33180748441823776,Groceries,0.2531201681606419,2023-01-26
889,0.27450980392156865,Male,0.9164533064370135,Travel,0.8659464594302345,2023-12-02
890,0.5098039215686275,Male,0.4612460237411747,Clothing,0.10285691186725011,2023-03-06
891,0.9803921568627451,Male,0.5192670752838338,Groceries,0.12598910593918322,2023-04-10
892,0.6470588235294118,Female,0.6023353246954768,Electronics,0.9795862682283508,2023-03-15
893,1.0,Female,0.5038275532107481,Travel,0.6741281214313867,2023-07-11
894,0.7254901960784313,Male,0.8241394470737322,Groceries,0.8472608207937101,2023-06-20
895,0.6274509803921569,Female,0.3745959086559599,Healthcare,0.32445706547552877,2023-09-30
896,0.4509803921568628,Male,0.5331160938267774,Electronics,0.6767758430770164,2023-07-06
897,0.27450980392156865,Female,0.3513461090852665,Groceries,0.5944943559063394,2023-01-23
898,0.5686274509803921,Female,0.2393255230558357,Electronics,0.6034076783927723,2023-06-30
899,0.8039215686274509,Male,0.3767036491064732,Electronics,0.6828292219538569,2023-11-23
900,0.9803921568627451,Female,0.48818113636951405,Clothing,0.57560660111366,2023-04-18
901,0.3137254901960784,Male,0.41209558538288465,Electronics,0.4292340808262508,2023-12-01
902,0.07843137254901966,Female,0.36105723226523906,Clothing,0.2760199286529969,2023-06-11
903,0.5490196078431373,Male,0.22259290868182174,Travel,0.7689205986680545,2023-10-29
904,0.05882352941176472,Male,0.4792458685700985,Clothing,0.2263498832779198,2023-07-25
905,0.17647058823529416,Female,0.20350686632011794,Healthcare,0.692652067142987,2023-03-19
906,0.3137254901960784,Female,0.6427832518685184,Groceries,0.23341384293553505,2023-01-16
907,0.17647058823529416,Male,0.5113533504021517,Travel,0.6256000323385851,2023-11-23
908,0.3137254901960784,Female,0.212649028887682,Travel,0.7474053338453609,2023-04-06
909,0.37254901960784315,Female,0.4353841777226058,Healthcare,0.21879073903772497,2023-05-27
910,0.4509803921568628,Male,0.34947112524892027,Clothing,0.059937546107748124,2023-01-02
911,0.07843137254901966,Male,0.5572710580081206,Groceries,0.13100158661182582,2023-01-10
912,0.6470588235294118,Female,0.7553598675873485,Clothing,0.606257516194557,2023-05-05
913,0.09803921568627455,Male,0.1316497271575245,Electronics,0.8498175901690702,2023-03-22
914,0.019607843137254943,Male,0.5176765717536917,Clothing,0.04499105636009014,2023-05-20
915,0.23529411764705888,Male,0.46431065249437503,Travel,0.7344698998514446,2023-11-22
916,0.823529411764706,Female,0.6255851242661701,Groceries,0.3414550342081595,2023-05-30
917,0.823529411764706,Female,0.5367108904233584,Clothing,0.4787222216607885,2023-10-15
918,0.9215686274509803,Male,0.3495099180179481,Groceries,0.9292694511535781,2023-12-27
919,0.1960784313725491,Female,0.433483332040241,Groceries,0.3320970561781856,2023-12-06
920,0.9803921568627451,Male,0.3409625779088112,Electronics,0.4655240366638707,2023-05-09
921,0.9019607843137255,Female,0.7040758269325265,Electronics,0.013663052156074097,2023-08-27
922,0.43137254901960786,Male,0.4994956940026379,Travel,0.08160439804755792,2023-02-27
923,0.2941176470588236,Male,0.8641218610184396,Healthcare,0.2586884682627106,2023-07-17
924,0.5882352941176471,Female,0.4836035896242274,Groceries,0.02783139470253555,2023-07-30
925,0.1960784313725491,Male,0.35795381074301086,Healthcare,0.6316433054076177,2023-02-14
926,0.2941176470588236,Female,0.20176119171386453,Travel,0.4265661475650056,2023-04-07
927,0.13725490196078433,Female,0.14561512400755167,Groceries,0.5483714490717815,2023-10-06
928,0.05882352941176472,Male,0.1880932060930509,Groceries,0.17469909957252433,2023-01-23
929,0.7647058823529412,Male,0.5471720071378694,Healthcare,0.2960395339201439,2023-12-01
930,0.05882352941176472,Female,0.5940336721235162,Clothing,0.6641132658939093,2023-02-13
931,0.47058823529411764,Male,0.18867509762846874,Electronics,0.9657312057239296,2023-01-27
932,0.03921568627450983,Male,0.6689683709623193,Clothing,0.0504077693450426,2023-10-09
933,0.607843137254902,Male,0.4016732614374014,Healthcare,0.8907764292138692,2023-04-07
934,0.03921568627450983,Male,0.5238316911061112,Electronics,0.577122472284822,2023-02-05
935,0.5098039215686275,Male,0.808079240696201,Clothing,0.5641567208674825,2023-04-19
936,0.5490196078431373,Female,0.6693175058835699,Electronics,0.5004901316786757,2023-02-24
937,0.607843137254902,Female,0.4432849716812786,Groceries,0.06939658221579942,2023-07-11
938,0.9607843137254902,Male,0.3225101507745623,Clothing,0.08989116044991056,2023-08-07
939,0.9803921568627451,Male,0.07798639666899426,Electronics,0.6011641890594525,2023-07-04
940,0.3529411764705882,Male,0.35587193213851603,Electronics,0.34109122512708057,2023-03-10
941,0.3921568627450981,Female,0.45441849639227244,Electronics,0.917678089598092,2023-11-13
942,0.07843137254901966,Male,0.30388962164119276,Clothing,0.4067486584540135,2023-05-10
943,0.33333333333333337,Female,0.46990974215739517,Travel,0.14332056632946955,2023-02-24
944,0.5294117647058824,Female,0.5102671528693719,Clothing,0.7150263256293392,2023-04-07
945,0.8039215686274509,Female,0.45175472625235985,Healthcare,0.2934625529291684,2023-12-02
946,0.4117647058823529,Male,0.36928129929914394,Clothing,0.5256940163511971,2023-03-28
947,0.3921568627450981,Female,0.5280730338531565,Electronics,0.6981294149747861,2023-10-21
948,0.09803921568627455,Male,0.5810898181912225,Groceries,0.9006599092498458,2023-04-29
949,0.0,Female,0.2838725528228205,Clothing,0.7925378715147595,2023-07-27
950,0.07843137254901966,Male,0.769027853208162,Clothing,0.6766545733833235,2023-11-30
951,0.7843137254901961,Female,0.4762458944319446,Electronics,0.6799288551130335,2023-06-03
952,0.21568627450980393,Male,0.4990172498512944,Groceries,0.9463482663486706,2023-02-04
953,0.4901960784313726,Female,0.6327359246903044,Groceries,0.29593847584206645,2023-03-20
954,0.8823529411764707,Male,0.540603098249153,Healthcare,0.0010813214354289408,2023-03-08
955,0.6470588235294118,Male,0.6802441358264153,Clothing,0.27205845199236,2023-12-09
956,0.9411764705882354,Male,0.5510512840406547,Groceries,0.21796206279748973,2023-02-03
957,0.2549019607843137,Male,0.3765743398763804,Groceries,0.6621224217557831,2023-04-07
958,0.4901960784313726,Female,0.5654821941190162,Travel,0.6339777470112073,2023-06-18
959,0.8627450980392156,Female,0.2735278144153929,Travel,0.5937162087051429,2023-06-18
960,0.5098039215686275,Male,0.5164222722217913,Groceries,0.016219821531434114,2023-05-31
961,0.1568627450980392,Female,0.4889181989810432,Healthcare,0.7290936100977232,2023-03-12
962,0.4901960784313726,Male,0.4550003879276903,Groceries,0.32365870665871677,2023-01-03
963,0.9019607843137255,Male,0.4704269790777666,Electronics,0.6653461744464544,2023-11-10
964,0.4117647058823529,Female,0.13035663485659604,Clothing,0.5568097985912503,2023-02-01
965,0.9019607843137255,Male,0.3889363022732563,Healthcare,0.3428597414934363,2023-10-14
966,0.5686274509803921,Male,0.5133705743916002,Electronics,0.13460935999919152,2023-03-23
967,0.823529411764706,Female,0.5263661520159308,Healthcare,0.09442866815558901,2023-02-12
968,0.9215686274509803,Male,0.2960276204515478,Electronics,0.831879781310319,2023-04-15
969,0.3137254901960784,Male,0.7408643028939406,Clothing,0.918799834264752,2023-01-01
970,0.4901960784313726,Male,0.3273592469030439,Clothing,0.6500661930411407,2023-03-02
971,0.6862745098039217,Male,0.6833992810406806,Travel,0.1034531545279072,2023-09-27
972,0.0,Female,0.5782191532831613,Electronics,0.4021909391327196,2023-06-29
973,0.13725490196078433,Female,0.3700183619106732,Travel,0.7292553030226471,2023-08-12
974,0.9411764705882354,Female,0.8397082783769105,Electronics,0.7801582569502693,2023-01-06
975,0.6666666666666666,Male,0.26384255308143895,Travel,0.11824805715844897,2023-04-13
976,1.0,Male,0.6736493650916802,Clothing,0.0,2023-01-10
977,0.27450980392156865,Female,0.6894380220860166,Healthcare,0.7124493446383636,2023-03-12
978,0.9019607843137255,Male,0.36528564408927505,Travel,0.35673501561347304,2023-03-31
979,0.4117647058823529,Male,0.7654459875345903,Electronics,0.2545754044849575,2023-08-14
980,0.2549019607843137,Male,0.4468668373548504,Electronics,0.012874799147069821,2023-06-07
981,0.4901960784313726,Male,0.5513616261928775,Clothing,0.5405293422129698,2023-08-16
982,0.5294117647058824,Female,0.5458530529909225,Electronics,0.8515254716885794,2023-05-06
983,0.43137254901960786,Female,0.46931491969896816,Groceries,0.9580608975978494,2023-07-28
984,0.2549019607843137,Female,0.652636615201593,Healthcare,0.5659858720806848,2023-04-07
985,0.4509803921568628,Male,0.6492745752191791,Travel,0.5146786858407527,2023-03-15
986,0.019607843137254943,Female,0.15621848087516488,Healthcare,0.08507069012561519,2023-04-25
987,0.8627450980392156,Female,0.7483642382393256,Clothing,0.5490990672339393,2023-07-10
988,0.4901960784313726,Male,0.17289937155714175,Travel,0.38012996068840765,2023-06-19
989,0.2549019607843137,Male,0.695644865130473,Travel,0.6073893666690247,2023-11-03
990,0.9803921568627451,Female,0.7139033284195826,Groceries,0.3888815902499166,2023-07-23
991,0.11764705882352944,Female,0.2837561745157369,Clothing,0.24038685032288054,2023-02-25
992,0.03921568627450983,Female,0.4156774510564564,Electronics,0.0949844875850151,2023-07-27
993,0.9019607843137255,Female,0.2808984405306851,Groceries,0.31503845259870844,2023-02-10
994,0.43137254901960786,Male,0.45368143378074327,Groceries,0.09666205168110113,2023-02-01
995,0.8823529411764707,Female,0.435616934336773,Healthcare,0.17695269471365194,2023-01-15
996,0.823529411764706,Female,0.646584943233248,Healthcare,0.987771972552626,2023-03-03
997,0.9019607843137255,Male,0.7495150903871519,Healthcare,0.44428162865198634,2023-06-04
998,0.8627450980392156,Female,0.7660796027620451,Groceries,0.5320909926935009,2023-10-11
999,0.33333333333333337,Male,0.3863242558253808,Electronics,0.874000788253009,2023-07-28
1000,0.7254901960784313,Male,0.45478056223653246,Travel,0.99600820591594,2023-11-16
