CustomerID,Age,Gender,Income,Category,Spending,TransactionDate,Age_Rank,Income_Rank,Spending_Rank
1,56.0,Male,59753.0,Clothing,667.58,2023-02-15,744.0,459.0,668.0
2,69.0,Male,77825.0,Groceries,882.87,2023-07-12,983.0,858.0,887.0
3,46.0,Male,97903.0,Groceries,815.98,2023-02-27,542.0,989.0,812.0
4,32.0,Female,52036.0,Healthcare,688.28,2023-04-21,264.0,268.0,696.0
5,60.0,Male,52658.0,Electronics,119.33,2023-05-09,808.0,274.0,115.0
6,25.0,Male,75662.0,Travel,296.3,2023-12-03,144.0,823.0,300.0
7,38.0,Male,70228.0,Travel,316.71,2023-07-13,368.5,727.0,318.0
8,56.0,Female,87700.0,Groceries,257.46,2023-12-06,744.0,958.0,259.0
9,36.0,Female,68758.0,Travel,519.86,2023-11-22,336.5,693.0,519.0
10,40.0,Male,54610.0,Groceries,540.2,2023-01-08,407.5,315.0,532.0
11,28.0,Male,68859.0,Healthcare,363.32,2023-01-29,193.5,697.0,370.0
12,28.0,Male,76630.0,Electronics,360.25,2023-04-22,193.5,840.0,362.0
13,41.0,Male,72307.0,Healthcare,830.27,2023-06-10,430.0,764.0,837.0
14,53.0,Female,67609.0,Clothing,791.4,2023-05-11,686.5,660.0,785.0
15,57.0,Female,76000.0,Clothing,314.72,2023-07-07,763.0,827.0,316.0
16,41.0,Female,77539.0,Clothing,914.65,2023-06-12,430.0,851.0,920.0
17,20.0,Female,80732.0,Healthcare,953.29,2023-07-16,56.0,897.0,953.0
18,39.0,Male,69730.0,Travel,333.48,2023-12-30,387.0,718.0,335.0
19,19.0,Male,57493.0,Electronics,360.88,2023-07-23,35.0,393.5,364.0
20,41.0,Male,62200.0,Clothing,510.58,2023-07-31,430.0,523.0,511.0
21,61.0,Female,78097.0,Clothing,941.71,2023-04-19,823.0,865.0,947.0
22,47.0,Male,47745.0,Clothing,877.56,2023-10-03,560.5,174.0,882.0
23,55.0,Female,65530.0,Electronics,111.54,2023-03-14,725.5,610.0,108.0
24,19.0,Female,54099.0,Clothing,398.8,2023-06-16,35.0,303.0,405.0
25,38.0,Male,60431.0,Electronics,557.84,2023-09-17,368.5,476.0,550.0
26,50.0,Male,79176.0,Clothing,508.1,2023-08-31,620.0,878.0,509.0
27,29.0,Male,62866.0,Healthcare,201.92,2023-10-02,212.0,543.0,194.0
28,39.0,Female,60696.0,Healthcare,860.23,2023-04-12,387.0,483.0,868.0
29,61.0,Male,39602.0,Electronics,680.17,2023-06-22,823.0,71.0,687.0
30,42.0,Female,71193.0,Healthcare,839.53,2023-06-20,452.0,746.0,848.0
31,66.0,Male,69682.0,Electronics,860.18,2023-05-21,923.0,715.0,867.0
32,44.0,Female,92448.0,Healthcare,750.87,2023-07-07,497.5,979.0,749.0
33,59.0,Female,55383.0,Healthcare,444.82,2023-03-27,794.5,332.0,454.0
34,45.0,Male,63287.0,Electronics,614.44,2023-02-21,519.0,557.0,615.0
35,33.0,Female,63740.0,Travel,168.76,2023-04-21,282.0,568.0,157.0
36,32.0,Female,83661.0,Healthcare,676.91,2023-12-31,264.0,925.0,680.0
37,64.0,Male,58570.0,Clothing,187.46,2023-12-08,878.0,422.0,180.0
38,68.0,Female,64185.0,Travel,697.01,2023-02-12,961.5,575.0,706.0
39,61.0,Male,69118.0,Electronics,237.3,2023-07-30,823.0,702.0,235.0
40,69.0,Female,62799.0,Travel,126.38,2023-07-19,983.0,540.0,121.0
41,20.0,Male,53303.0,Groceries,173.63,2023-10-25,56.0,290.0,165.0
42,54.0,Male,62911.0,Groceries,11.97,2023-12-12,707.5,545.0,4.0
43,68.0,Female,76104.0,Healthcare,721.55,2023-08-28,961.5,829.0,727.0
44,24.0,Female,44602.0,Healthcare,735.08,2023-04-25,126.5,126.0,737.0
45,38.0,Female,61994.0,Clothing,519.78,2023-01-26,368.5,518.0,518.0
46,26.0,Female,49498.0,Travel,169.75,2023-10-26,163.0,202.0,160.5
47,56.0,Female,77925.0,Groceries,92.72,2023-03-18,744.0,861.0,90.0
48,35.0,Male,37152.0,Healthcare,28.94,2023-05-17,320.0,51.0,20.0
49,21.0,Female,51616.0,Travel,174.09,2023-01-20,74.0,255.0,166.0
50,42.0,Male,65658.0,Healthcare,891.95,2023-07-30,452.0,612.0,901.0
51,31.0,Male,83482.0,Healthcare,249.12,2023-08-28,247.5,923.0,253.0
52,67.0,Female,59013.0,Groceries,360.73,2023-02-08,943.0,434.0,363.0
53,26.0,Male,51672.0,Groceries,114.29,2023-09-25,163.0,257.0,113.0
54,43.0,Male,88217.0,Healthcare,230.14,2023-07-26,476.0,961.0,227.0
55,19.0,Male,38279.0,Electronics,524.03,2023-09-24,35.0,58.0,521.0
56,37.0,Male,27017.0,Healthcare,611.68,2023-06-03,352.5,6.0,612.0
57,45.0,Female,66600.0,Healthcare,252.9,2023-02-11,519.0,639.0,255.0
58,64.0,Male,52469.0,Clothing,67.15,2023-01-11,878.0,272.0,62.0
59,24.0,Female,44681.0,Clothing,397.12,2023-10-21,126.5,129.0,401.0
60,61.0,Female,70625.0,Clothing,241.86,2023-04-08,823.0,734.0,244.0
61,25.0,Male,63657.0,Electronics,227.36,2023-10-02,144.0,567.0,222.0
62,64.0,Female,51538.0,Electronics,960.26,2023-08-18,878.0,253.0,956.0
63,52.0,Female,40795.0,Healthcare,620.14,2023-08-08,663.0,83.0,621.0
64,31.0,Female,73086.0,Clothing,561.31,2023-03-06,247.5,776.0,554.0
65,34.0,Male,69753.0,Electronics,421.62,2023-12-21,302.5,719.0,430.0
66,53.0,Female,58512.0,Groceries,434.65,2023-08-20,686.5,418.0,444.0
67,67.0,Female,87699.0,Healthcare,545.5,2023-11-24,943.0,957.0,538.0
68,57.0,Female,43948.0,Travel,699.47,2023-02-21,763.0,115.0,709.0
69,21.0,Male,37117.0,Healthcare,705.12,2023-09-20,74.0,50.0,715.0
70,19.0,Female,49621.0,Travel,179.98,2023-09-24,35.0,205.0,173.0
71,23.0,Male,59316.0,Clothing,505.11,2023-12-25,112.0,442.0,503.0
72,59.0,Male,63650.0,Travel,417.84,2023-11-13,794.5,566.0,428.0
73,21.0,Male,56381.0,Clothing,871.82,2023-11-20,74.0,358.5,877.0
74,46.0,Male,65280.0,Groceries,635.1,2023-06-03,542.0,605.0,636.0
75,35.0,Male,41226.0,Travel,537.18,2023-12-24,320.0,85.0,531.0
76,43.0,Male,81656.0,Healthcare,124.24,2023-05-20,476.0,907.0,117.0
77,61.0,Female,58767.0,Clothing,609.58,2023-02-20,823.0,428.0,608.0
78,51.0,Male,76759.0,Healthcare,126.03,2023-04-27,641.5,842.0,120.0
79,27.0,Female,65140.0,Electronics,343.83,2023-02-15,178.5,601.0,344.0
80,53.0,Female,66851.0,Clothing,151.41,2023-11-05,686.5,647.0,137.0
81,31.0,Male,68546.0,Travel,695.15,2023-03-29,247.5,688.0,703.0
82,48.0,Female,66715.0,Clothing,214.19,2023-07-27,576.0,643.0,204.0
83,65.0,Female,69640.0,Healthcare,397.94,2023-09-26,900.0,714.0,402.0
84,32.0,Female,79937.0,Groceries,896.72,2023-03-30,264.0,890.0,903.0
85,25.0,Female,62947.0,Clothing,212.27,2023-04-28,144.0,548.0,202.0
86,31.0,Male,70635.0,Travel,512.73,2023-02-23,247.5,735.0,513.0
87,40.0,Female,58653.0,Electronics,425.08,2023-04-26,407.5,424.0,436.0
88,57.0,Male,81601.0,Groceries,27.94,2023-04-28,763.0,906.0,19.0
89,38.0,Female,49854.0,Electronics,794.83,2023-09-17,368.5,212.0,789.0
90,33.0,Female,87014.0,Clothing,78.36,2023-03-16,282.0,954.0,76.0
91,62.0,Male,59397.0,Healthcare,479.51,2023-11-01,843.0,443.0,484.0
92,35.0,Female,38538.0,Healthcare,565.07,2023-01-07,320.0,61.0,558.0
93,64.0,Female,61921.0,Travel,632.14,2023-05-02,878.0,517.0,633.0
94,41.0,Female,49784.0,Healthcare,691.75,2023-01-11,430.0,209.0,698.0
95,43.0,Male,72609.0,Groceries,260.74,2023-12-14,476.0,767.5,263.0
96,42.0,Female,50210.0,Healthcare,19.88,2023-08-03,452.0,222.0,9.0
97,62.0,Male,53307.0,Travel,726.21,2023-10-06,843.0,291.0,729.0
98,58.0,Female,31656.0,Clothing,540.3,2023-01-28,778.5,17.0,533.0
99,46.0,Male,53215.0,Clothing,837.76,2023-08-23,542.0,288.0,845.0
100,32.0,Male,23641.0,Healthcare,823.17,2023-11-09,264.0,4.0,822.0
101,62.0,Female,36241.0,Electronics,844.89,2023-01-26,843.0,41.0,854.0
102,18.0,Female,71406.0,Clothing,490.24,2023-02-23,12.5,751.0,493.0
103,42.0,Male,71787.0,Healthcare,340.29,2023-01-29,452.0,756.0,341.0
104,24.0,Male,66381.0,Travel,793.64,2023-12-19,126.5,631.0,786.0
105,26.0,Female,45495.0,Healthcare,456.78,2023-06-13,163.0,147.0,463.0
106,41.0,Male,59284.0,Clothing,191.61,2023-09-27,430.0,440.0,185.0
107,18.0,Female,59945.0,Travel,856.42,2023-11-30,12.5,463.0,865.0
108,61.0,Female,42624.0,Healthcare,883.73,2023-02-04,823.0,99.0,888.0
109,25.0,Female,82550.0,Groceries,471.65,2023-10-13,144.0,915.0,477.0
110,41.0,Female,73160.0,Travel,84.94,2023-12-14,430.0,777.0,81.0
111,28.0,Male,56685.0,Groceries,393.95,2023-09-30,193.5,368.0,397.0
112,68.0,Female,60403.0,Electronics,805.5,2023-07-27,961.5,474.0,800.0
113,34.0,Male,63125.0,Travel,902.76,2023-08-26,302.5,554.0,911.0
114,25.0,Female,29373.0,Groceries,211.44,2023-04-03,144.0,12.0,201.0
115,52.0,Male,56292.0,Clothing,76.3,2023-06-22,663.0,355.0,70.0
116,52.0,Female,49770.0,Clothing,878.58,2023-03-20,663.0,208.0,883.0
117,50.0,Male,44975.0,Electronics,395.51,2023-04-20,620.0,134.0,400.0
118,22.0,Male,55783.0,Travel,546.34,2023-08-05,93.0,342.0,539.0
119,59.0,Female,86965.0,Travel,968.39,2023-12-24,794.5,953.0,963.0
120,56.0,Female,69612.0,Travel,75.9,2023-04-16,744.0,713.0,69.0
121,58.0,Female,51432.0,Electronics,651.83,2023-02-16,778.5,251.0,644.0
122,45.0,Female,68588.0,Travel,83.36,2023-06-30,519.0,689.0,80.0
123,24.0,Male,80990.0,Clothing,381.71,2023-03-05,126.5,903.0,388.0
124,26.0,Female,73869.0,Groceries,805.78,2023-09-03,163.0,792.0,802.0
125,25.0,Male,60894.0,Clothing,439.14,2023-09-01,144.0,488.0,451.0
126,29.0,Male,50295.0,Clothing,997.21,2023-11-16,212.0,227.0,989.0
127,51.0,Female,70473.0,Groceries,563.47,2023-03-28,641.5,730.0,557.0
128,50.0,Male,65902.0,Clothing,327.95,2023-08-05,620.0,618.0,326.0
129,65.0,Male,73427.0,Electronics,227.91,2023-01-07,900.0,783.0,223.0
130,40.0,Male,69527.0,Groceries,357.02,2023-10-05,407.5,711.0,359.0
131,41.0,Male,75743.0,Clothing,378.81,2023-12-03,430.0,825.0,383.0
132,54.0,Female,51971.0,Healthcare,78.03,2023-07-29,707.5,266.0,75.0
133,52.0,Female,79760.0,Clothing,375.88,2023-06-18,663.0,887.0,379.0
134,61.0,Female,62963.0,Electronics,469.6,2023-11-26,823.0,549.0,473.0
135,57.0,Female,91128.0,Travel,725.51,2023-05-18,763.0,973.0,728.0
136,39.0,Male,49662.0,Clothing,660.16,2023-11-02,387.0,206.0,651.0
137,44.0,Male,86039.0,Travel,711.68,2023-08-18,497.5,949.0,719.0
138,52.0,Female,62968.0,Healthcare,18.28,2023-11-04,663.0,550.0,8.0
139,18.0,Female,50228.0,Clothing,225.49,2023-06-10,12.5,223.0,216.0
140,52.0,Female,52741.0,Groceries,665.07,2023-01-01,663.0,277.0,660.0
141,54.0,Male,55194.0,Travel,489.15,2023-08-24,707.5,326.0,490.0
142,64.0,Female,66362.0,Healthcare,15.26,2023-07-07,878.0,630.0,5.0
143,31.0,Female,67842.0,Groceries,806.45,2023-01-04,247.5,669.0,804.0
144,20.0,Female,51394.0,Groceries,775.08,2023-05-12,56.0,250.0,774.0
145,18.0,Male,59634.0,Groceries,552.93,2023-08-06,12.5,453.0,544.0
146,22.0,Male,92134.0,Groceries,75.8,2023-09-17,93.0,976.0,68.0
147,43.0,Male,85913.0,Clothing,768.85,2023-01-01,476.0,948.0,770.0
148,31.0,Male,66544.0,Clothing,587.88,2023-03-12,247.5,636.0,589.0
149,56.0,Male,60570.0,Clothing,784.14,2023-06-27,744.0,479.0,781.0
150,44.0,Male,61800.0,Healthcare,754.23,2023-07-08,497.5,510.0,754.0
151,26.0,Male,69202.0,Healthcare,804.97,2023-10-18,163.0,705.0,799.0
152,32.0,Male,44658.0,Healthcare,522.83,2023-01-08,264.0,128.0,520.0
153,32.0,Female,56139.0,Electronics,148.92,2023-09-10,264.0,350.0,135.0
154,43.0,Female,34971.0,Healthcare,674.45,2023-10-19,476.0,31.0,675.0
155,59.0,Male,65988.0,Clothing,624.27,2023-09-01,794.5,621.0,624.0
156,30.0,Male,69707.0,Clothing,744.83,2023-05-03,230.5,716.0,746.0
157,68.0,Female,52752.0,Electronics,178.18,2023-10-26,961.5,278.0,171.0
158,49.0,Male,83609.0,Electronics,203.03,2023-10-10,594.5,924.0,195.0
159,56.0,Male,41613.0,Healthcare,891.51,2023-02-01,744.0,88.0,900.0
160,66.0,Male,38034.0,Travel,752.48,2023-11-30,923.0,56.0,750.0
161,69.0,Female,63366.0,Electronics,909.15,2023-05-26,983.0,559.0,916.0
162,49.0,Female,75706.0,Groceries,761.13,2023-06-05,594.5,824.0,761.0
163,21.0,Female,85258.0,Clothing,601.18,2023-01-16,74.0,942.0,602.0
164,47.0,Female,53116.0,Groceries,657.59,2023-12-21,560.5,285.0,648.0
165,54.0,Female,76180.0,Clothing,890.24,2023-02-16,707.5,831.0,896.0
166,40.0,Male,59422.0,Clothing,583.02,2023-09-08,407.5,444.0,583.0
167,56.0,Female,57410.0,Electronics,636.07,2023-07-06,744.0,390.0,637.0
168,62.0,Male,73254.0,Electronics,164.91,2023-01-31,843.0,779.0,154.0
169,32.0,Male,69784.0,Groceries,479.18,2023-09-17,264.0,720.0,483.0
170,60.0,Female,36354.0,Clothing,719.23,2023-01-17,808.0,43.0,726.0
171,46.0,Female,82148.0,Groceries,278.23,2023-02-08,542.0,909.0,281.0
172,53.0,Male,80701.0,Travel,210.23,2023-10-31,686.5,896.0,200.0
173,30.0,Male,50616.0,Groceries,320.69,2023-02-08,230.5,233.0,321.0
174,49.0,Male,65937.0,Healthcare,249.09,2023-05-12,594.5,620.0,252.0
175,24.0,Female,67410.0,Groceries,222.76,2023-01-30,126.5,657.0,215.0
176,68.0,Female,63910.0,Healthcare,430.6,2023-06-07,961.5,570.0,439.0
177,39.0,Female,51745.0,Healthcare,908.76,2023-10-05,387.0,261.0,915.0
178,45.0,Female,49925.0,Healthcare,511.99,2023-07-22,519.0,214.0,512.0
179,19.0,Female,59616.0,Travel,196.04,2023-03-07,35.0,451.0,190.0
180,59.0,Male,77590.0,Groceries,86.2,2023-04-18,794.5,852.0,83.0
181,62.0,Female,68154.0,Groceries,699.19,2023-09-25,843.0,677.0,708.0
182,23.0,Male,54440.0,Travel,388.97,2023-08-10,112.0,309.0,393.0
183,45.0,Male,71575.0,Clothing,823.61,2023-10-19,519.0,753.0,823.0
185,61.0,Female,77231.0,Groceries,798.28,2023-03-31,823.0,847.0,792.0
186,61.0,Female,33904.0,Electronics,279.23,2023-06-30,823.0,29.0,284.0
187,37.0,Female,54563.0,Travel,695.44,2023-09-12,352.5,314.0,705.0
188,47.0,Male,43204.0,Clothing,271.42,2023-09-10,560.5,104.0,273.0
189,28.0,Male,40579.0,Clothing,939.68,2023-09-14,193.5,81.0,946.0
190,45.0,Male,77412.0,Clothing,640.01,2023-12-12,519.0,848.0,641.0
191,42.0,Male,52984.0,Travel,331.27,2023-03-28,452.0,282.0,330.0
192,56.0,Male,65197.0,Healthcare,276.82,2023-03-31,744.0,602.5,279.0
193,50.0,Male,59296.0,Healthcare,199.02,2023-08-25,620.0,441.0,192.0
194,18.0,Female,67155.0,Electronics,697.69,2023-03-11,12.5,652.0,707.0
195,44.0,Female,61152.0,Healthcare,226.53,2023-02-13,497.5,496.5,220.5
196,69.0,Female,40755.0,Healthcare,599.35,2023-07-19,983.0,82.0,598.0
197,30.0,Female,74944.0,Clothing,271.99,2023-06-01,230.5,811.0,274.0
198,58.0,Male,52593.0,Clothing,665.35,2023-03-27,778.5,273.0,665.0
199,20.0,Male,36651.0,Electronics,816.79,2023-01-19,56.0,47.0,814.0
200,56.0,Female,53578.0,Groceries,780.24,2023-04-11,744.0,298.0,777.0
201,23.0,Male,82511.0,Electronics,763.24,2023-04-05,112.0,913.0,765.0
202,25.0,Female,72753.0,Electronics,195.85,2023-09-11,144.0,770.0,189.0
203,44.0,Female,54770.0,Travel,97.5,2023-12-23,497.5,319.0,97.0
204,26.0,Female,54761.0,Travel,701.96,2023-01-30,163.0,318.0,713.0
205,54.0,Male,55175.0,Electronics,374.66,2023-09-06,707.5,325.0,378.0
206,50.0,Female,91151.0,Electronics,438.02,2023-02-02,620.0,974.0,450.0
207,68.0,Female,65729.0,Electronics,40.84,2023-08-17,961.5,614.0,32.0
208,59.0,Female,66450.0,Healthcare,266.98,2023-01-12,794.5,635.0,268.0
209,61.0,Male,75454.0,Travel,43.34,2023-04-28,823.0,820.0,36.0
210,41.0,Male,63581.0,Electronics,880.39,2023-12-16,430.0,564.0,884.0
211,32.0,Female,56114.0,Clothing,250.96,2023-06-04,264.0,348.0,254.0
212,49.0,Male,57054.0,Clothing,561.76,2023-09-03,594.5,378.0,556.0
213,49.0,Male,58925.0,Healthcare,48.59,2023-11-28,594.5,432.0,40.0
214,41.0,Male,59441.0,Healthcare,670.18,2023-09-04,430.0,445.0,670.0
215,58.0,Male,70914.0,Groceries,329.8,2023-01-29,778.5,739.0,327.0
216,69.0,Male,60779.0,Groceries,898.94,2023-06-10,983.0,485.0,906.0
217,66.0,Male,70989.0,Groceries,889.24,2023-08-23,923.0,740.0,895.0
218,66.0,Male,58789.0,Healthcare,332.04,2023-07-09,923.0,429.0,332.0
219,69.0,Male,61179.0,Healthcare,901.95,2023-04-27,983.0,498.0,910.0
220,29.0,Male,30026.0,Healthcare,996.2,2023-09-28,212.0,13.0,988.0
221,56.0,Male,73744.0,Clothing,827.16,2023-09-15,744.0,787.0,830.0
222,19.0,Female,65197.0,Healthcare,846.42,2023-06-29,35.0,602.5,857.0
223,20.0,Female,74970.0,Clothing,256.52,2023-06-21,56.0,812.0,257.0
225,54.0,Female,91325.0,Groceries,76.58,2023-09-16,707.5,975.0,73.0
226,66.0,Female,57906.0,Groceries,103.97,2023-05-15,923.0,402.0,102.0
227,34.0,Male,76622.0,Electronics,998.9,2023-06-20,302.5,839.0,992.0
228,66.0,Male,44401.0,Electronics,333.37,2023-07-29,923.0,124.0,334.0
229,19.0,Male,69191.0,Travel,750.7,2023-08-24,35.0,704.0,748.0
230,19.0,Female,44198.0,Travel,808.6,2023-07-05,35.0,121.0,809.0
231,45.0,Female,50643.0,Travel,859.44,2023-12-30,519.0,234.0,866.0
232,40.0,Male,88710.0,Electronics,997.65,2023-04-05,407.5,965.0,991.0
233,54.0,Male,57139.0,Electronics,249.08,2023-01-11,707.5,380.0,251.0
234,49.0,Male,63261.0,Travel,49.95,2023-03-09,594.5,556.0,46.0
235,50.0,Female,73051.0,Travel,417.08,2023-07-29,620.0,774.0,424.5
236,18.0,Female,67435.0,Healthcare,138.78,2023-07-15,12.5,658.0,130.0
237,36.0,Female,62256.0,Travel,32.2,2023-04-08,336.5,526.0,23.0
238,19.0,Female,65474.0,Healthcare,366.82,2023-04-03,35.0,607.0,372.0
239,61.0,Male,96051.0,Clothing,785.9,2023-01-22,823.0,986.0,783.0
240,43.0,Male,59135.0,Electronics,570.52,2023-06-21,476.0,438.0,566.0
241,49.0,Male,63016.0,Travel,319.65,2023-05-14,594.5,552.0,320.0
242,23.0,Male,75759.0,Electronics,657.8,2023-01-25,112.0,826.0,649.0
243,49.0,Female,76582.0,Electronics,239.7,2023-07-04,594.5,837.0,240.0
244,21.0,Female,77805.0,Electronics,24.24,2023-03-26,74.0,855.0,15.0
245,28.0,Male,69580.0,Clothing,766.71,2023-02-24,193.5,712.0,768.0
246,34.0,Male,42854.0,Groceries,627.51,2023-09-08,302.5,102.0,628.0
247,55.0,Female,84501.0,Travel,764.68,2023-05-24,725.5,934.0,766.0
248,41.0,Male,42804.0,Groceries,48.55,2023-12-17,430.0,100.0,39.0
249,22.0,Female,64539.0,Groceries,838.75,2023-06-16,93.0,585.0,846.0
250,69.0,Male,48685.0,Groceries,623.33,2023-08-12,983.0,185.0,623.0
251,51.0,Male,59037.0,Electronics,567.76,2023-08-08,641.5,435.0,560.0
252,23.0,Male,64931.0,Healthcare,628.37,2023-06-28,112.0,597.0,630.0
253,39.0,Male,64820.0,Electronics,865.79,2023-04-29,387.0,591.0,872.0
254,28.0,Male,66328.0,Electronics,591.07,2023-09-22,193.5,628.0,590.0
255,65.0,Male,84205.0,Groceries,585.14,2023-05-30,900.0,930.0,586.0
256,33.0,Male,66803.0,Electronics,990.77,2023-08-03,282.0,645.0,983.0
257,50.0,Female,56337.0,Groceries,759.16,2023-07-16,620.0,357.0,758.0
258,26.0,Female,74461.0,Healthcare,447.87,2023-02-11,163.0,804.0,457.0
259,23.0,Female,77842.0,Travel,710.32,2023-02-22,112.0,859.0,718.0
260,33.0,Female,41585.0,Groceries,395.34,2023-11-26,282.0,87.0,399.0
261,46.0,Female,68961.0,Healthcare,236.59,2023-09-08,542.0,700.0,233.0
262,20.0,Male,70517.0,Travel,600.88,2023-10-22,56.0,731.0,600.0
263,37.0,Male,55536.0,Clothing,928.9,2023-09-28,352.5,336.0,929.0
264,53.0,Female,80635.0,Groceries,929.85,2023-05-03,686.5,895.0,932.5
265,36.0,Male,57749.0,Groceries,348.49,2023-12-05,336.5,398.0,350.0
266,43.0,Female,61883.0,Clothing,532.4,2023-09-23,476.0,515.0,524.0
267,20.0,Female,57403.0,Clothing,219.52,2023-12-14,56.0,388.0,212.0
268,36.0,Male,60233.0,Groceries,995.67,2023-01-29,336.5,468.0,987.0
269,37.0,Male,43555.0,Clothing,981.31,2023-02-04,352.5,110.0,976.0
270,49.0,Male,38399.0,Electronics,653.01,2023-01-06,594.5,59.0,646.0
271,24.0,Female,83917.0,Travel,806.37,2023-04-21,126.5,926.0,803.0
272,69.0,Male,47295.0,Travel,717.95,2023-10-21,983.0,166.0,724.0
273,58.0,Female,45129.0,Travel,597.23,2023-03-18,778.5,138.0,593.0
274,50.0,Female,27699.0,Electronics,62.81,2023-12-15,620.0,8.0,58.0
275,57.0,Female,50415.0,Clothing,460.22,2023-05-27,763.0,232.0,465.0
276,56.0,Male,40153.0,Healthcare,678.04,2023-03-08,744.0,77.0,683.0
277,35.0,Male,84630.0,Clothing,680.76,2023-01-08,320.0,937.0,690.0
278,57.0,Female,75147.0,Groceries,379.39,2023-05-02,763.0,816.0,384.0
279,18.0,Male,49677.0,Travel,942.28,2023-12-06,12.5,207.0,948.0
280,28.0,Male,93786.0,Clothing,175.68,2023-06-24,193.5,983.0,167.0
281,45.0,Male,74726.0,Healthcare,505.36,2023-06-28,519.0,807.0,505.0
282,42.0,Female,55127.0,Groceries,693.98,2023-03-26,452.0,322.0,700.0
283,67.0,Female,22508.0,Electronics,700.16,2023-02-14,943.0,2.0,710.0
284,40.0,Male,94364.0,Electronics,652.15,2023-05-16,407.5,984.0,645.0
285,48.0,Female,39156.0,Healthcare,282.54,2023-12-09,576.0,67.0,289.0
286,47.0,Male,35319.0,Groceries,164.64,2023-01-16,560.5,33.0,151.5
287,59.0,Male,75338.0,Travel,639.58,2023-11-29,794.5,817.0,640.0
288,52.0,Male,96596.0,Clothing,603.31,2023-07-14,663.0,987.0,603.0
289,24.0,Male,80764.0,Groceries,187.56,2023-01-09,126.5,898.0,181.0
290,33.0,Female,68458.0,Electronics,708.09,2023-11-12,282.0,685.0,716.0
291,43.0,Female,68921.0,Healthcare,460.62,2023-11-30,476.0,699.0,466.0
292,65.0,Female,72801.0,Healthcare,671.08,2023-11-29,900.0,772.0,672.0
293,69.0,Male,71383.0,Clothing,838.99,2023-11-23,983.0,748.0,847.0
294,66.0,Male,64217.0,Healthcare,178.03,2023-01-15,923.0,576.0,170.0
295,19.0,Male,61563.0,Healthcare,28.95,2023-11-23,35.0,504.0,21.0
296,18.0,Female,59061.0,Groceries,781.31,2023-04-12,12.5,436.0,778.0
297,65.0,Male,48690.0,Travel,613.6,2023-08-14,900.0,186.0,614.0
298,29.0,Female,55789.0,Clothing,702.64,2023-10-05,212.0,343.0,714.0
299,22.0,Female,34605.0,Groceries,839.77,2023-04-23,93.0,30.0,849.0
300,54.0,Female,58524.0,Travel,804.78,2023-01-01,707.5,421.0,798.0
301,49.0,Female,45171.0,Groceries,961.31,2023-09-23,594.5,140.0,957.0
302,26.0,Female,43446.0,Groceries,540.58,2023-07-27,163.0,107.0,534.0
303,58.0,Female,62698.0,Healthcare,493.61,2023-04-20,778.5,535.0,497.0
304,52.0,Male,80880.0,Travel,407.87,2023-07-19,663.0,900.0,416.0
305,36.0,Male,73774.0,Clothing,162.15,2023-11-02,336.5,788.0,147.0
306,65.0,Female,36442.0,Clothing,576.88,2023-01-12,900.0,44.0,573.0
307,33.0,Female,45155.0,Travel,284.24,2023-12-11,282.0,139.0,291.0
308,20.0,Male,74111.0,Healthcare,922.09,2023-07-07,56.0,796.0,926.0
309,37.0,Female,45262.0,Electronics,587.36,2023-06-03,352.5,142.0,587.0
310,41.0,Female,56630.0,Groceries,596.91,2023-11-30,430.0,365.0,592.0
311,50.0,Male,68250.0,Healthcare,361.38,2023-10-06,620.0,679.0,367.0
312,41.0,Female,45474.0,Travel,61.47,2023-06-20,430.0,146.0,56.0
313,69.0,Female,61580.0,Groceries,41.43,2023-05-14,983.0,505.0,33.0
314,28.0,Female,39989.0,Clothing,429.1,2023-01-25,193.5,75.0,438.0
315,66.0,Male,50979.0,Electronics,93.72,2023-01-18,923.0,245.0,92.0
316,25.0,Male,64796.0,Clothing,610.78,2023-07-09,144.0,590.0,610.0
317,53.0,Male,36105.0,Travel,882.16,2023-05-21,686.5,39.0,886.0
318,55.0,Female,66607.0,Groceries,884.09,2023-02-12,725.5,640.0,889.0
319,57.0,Female,59705.0,Travel,662.45,2023-11-30,763.0,457.0,656.0
320,37.0,Male,68287.0,Groceries,219.12,2023-10-11,352.5,681.0,211.0
321,52.0,Female,63358.0,Healthcare,864.37,2023-05-26,663.0,558.0,871.0
322,65.0,Female,80462.0,Electronics,887.23,2023-11-11,900.0,892.0,892.5
323,42.0,Female,61878.0,Healthcare,204.69,2023-11-15,452.0,514.0,198.0
324,52.0,Female,53558.0,Healthcare,740.05,2023-04-02,663.0,296.0,741.0
325,42.0,Female,61834.0,Travel,293.65,2023-06-28,452.0,511.0,298.0
326,46.0,Male,68149.0,Electronics,804.61,2023-02-25,542.0,676.0,797.0
327,35.0,Female,60732.0,Groceries,997.27,2023-06-04,320.0,484.0,990.0
328,63.0,Male,60608.0,Groceries,39.73,2023-06-09,860.0,480.0,29.0
329,35.0,Female,49470.0,Clothing,898.39,2023-04-21,320.0,201.0,905.0
330,19.0,Male,50056.0,Groceries,626.4,2023-05-17,35.0,219.0,625.0
331,52.0,Female,38960.0,Travel,973.65,2023-08-20,663.0,66.0,969.0
332,33.0,Male,86243.0,Healthcare,470.36,2023-08-08,282.0,950.0,474.0
333,58.0,Female,41342.0,Healthcare,848.91,2023-03-09,778.5,86.0,860.0
334,53.0,Male,49606.0,Healthcare,71.77,2023-10-29,686.5,203.0,65.0
335,50.0,Female,49223.0,Electronics,341.93,2023-09-06,620.0,197.0,343.0
336,21.0,Male,73423.0,Groceries,76.35,2023-11-19,74.0,781.0,71.0
337,50.0,Female,55575.0,Travel,975.59,2023-01-06,620.0,338.0,972.0
338,31.0,Male,78716.0,Electronics,818.8,2023-10-07,247.5,875.0,815.0
339,38.0,Male,49897.0,Clothing,854.02,2023-04-04,368.5,213.0,864.0
340,65.0,Female,64184.0,Travel,938.59,2023-09-26,900.0,574.0,942.0
341,37.0,Female,47469.0,Travel,94.25,2023-07-16,352.5,170.0,95.0
342,25.0,Male,92177.0,Travel,391.74,2023-01-25,144.0,977.0,395.0
343,24.0,Female,42186.0,Healthcare,80.32,2023-05-28,126.5,95.0,79.0
344,20.0,Male,64647.0,Travel,218.69,2023-04-28,56.0,588.0,209.0
345,34.0,Male,69506.0,Groceries,237.07,2023-12-04,302.5,709.0,234.0
346,50.0,Male,66206.0,Travel,474.42,2023-12-04,620.0,625.0,481.0
347,65.0,Female,57220.0,Healthcare,275.88,2023-03-07,900.0,383.0,278.0
348,29.0,Male,58052.0,Travel,109.97,2023-10-28,212.0,409.0,107.0
349,68.0,Male,60657.0,Clothing,175.82,2023-06-24,961.5,482.0,168.0
350,39.0,Female,57794.0,Clothing,155.8,2023-11-15,387.0,400.0,143.0
351,39.0,Female,74458.0,Healthcare,973.35,2023-03-17,387.0,803.0,968.0
352,63.0,Female,93157.0,Groceries,761.7,2023-04-24,860.0,982.0,762.0
353,47.0,Female,51637.0,Groceries,968.08,2023-04-21,560.5,256.0,962.0
354,55.0,Male,39452.0,Electronics,445.34,2023-09-06,725.5,69.0,455.0
355,55.0,Male,58675.0,Healthcare,285.58,2023-07-22,725.5,425.0,293.0
356,62.0,Male,98695.0,Travel,800.31,2023-05-27,843.0,991.0,794.0
357,68.0,Male,47944.0,Healthcare,332.99,2023-02-04,961.5,176.0,333.0
358,25.0,Female,84586.0,Electronics,306.39,2023-11-05,144.0,935.0,309.0
359,44.0,Male,85165.0,Healthcare,240.18,2023-01-26,497.5,941.0,241.0
360,44.0,Male,51696.0,Healthcare,138.38,2023-08-26,497.5,258.0,129.0
361,51.0,Female,68534.0,Electronics,263.9,2023-01-14,641.5,687.0,266.0
362,38.0,Male,84425.0,Groceries,361.77,2023-02-14,368.5,933.0,368.0
363,47.0,Male,54313.0,Travel,677.25,2023-08-04,560.5,306.0,682.0
364,50.0,Male,56946.0,Electronics,71.94,2023-08-21,620.0,377.0,66.0
365,45.0,Male,51274.0,Clothing,218.4,2023-07-12,519.0,247.0,208.0
366,64.0,Male,44778.0,Groceries,810.93,2023-02-20,878.0,131.0,811.0
367,50.0,Male,50260.0,Clothing,155.45,2023-08-02,620.0,226.0,142.0
368,22.0,Female,41640.0,Groceries,349.22,2023-05-31,93.0,90.0,352.0
369,65.0,Female,60511.0,Travel,866.01,2023-10-02,900.0,478.0,873.0
370,36.0,Male,48450.0,Travel,163.38,2023-12-04,336.5,182.0,150.0
371,21.0,Male,63506.0,Healthcare,91.91,2023-03-17,74.0,562.0,88.0
372,52.0,Female,36661.0,Clothing,489.69,2023-08-08,663.0,48.0,492.0
373,66.0,Male,64963.0,Groceries,309.4,2023-12-14,923.0,598.0,311.0
374,34.0,Male,72502.0,Travel,567.77,2023-07-06,302.5,765.0,561.0
375,61.0,Male,30093.0,Electronics,805.77,2023-10-16,823.0,14.0,801.0
376,45.0,Female,65610.0,Travel,145.78,2023-01-28,519.0,611.0,134.0
377,47.0,Male,78415.0,Electronics,584.89,2023-06-29,560.5,872.0,585.0
378,46.0,Female,41855.0,Groceries,510.45,2023-09-10,542.0,92.0,510.0
379,63.0,Male,85088.0,Travel,152.64,2023-05-06,860.0,940.0,140.0
380,23.0,Female,66285.0,Travel,627.76,2023-06-26,112.0,626.0,629.0
381,52.0,Female,49424.0,Groceries,280.9,2023-02-06,663.0,200.0,287.0
382,58.0,Male,59163.0,Travel,492.96,2023-04-09,778.5,439.0,496.0
383,54.0,Female,68374.0,Electronics,91.45,2023-04-08,707.5,684.0,87.0
384,41.0,Male,61140.0,Travel,464.99,2023-05-07,430.0,495.0,471.0
385,46.0,Female,68081.0,Clothing,313.4,2023-06-17,542.0,674.0,314.0
386,66.0,Male,46189.0,Healthcare,824.16,2023-03-21,923.0,156.0,824.0
387,63.0,Male,62540.0,Electronics,66.41,2023-10-21,860.0,531.0,61.0
388,48.0,Female,38794.0,Clothing,424.42,2023-11-29,576.0,64.0,434.0
389,52.0,Male,58331.0,Groceries,463.85,2023-05-06,663.0,415.0,469.0
390,50.0,Male,46441.0,Electronics,727.76,2023-12-09,620.0,157.0,731.0
391,69.0,Female,48967.0,Healthcare,578.54,2023-11-06,983.0,193.0,576.0
392,38.0,Male,78541.0,Healthcare,670.54,2023-05-30,368.5,873.0,671.0
393,49.0,Male,76369.0,Groceries,779.28,2023-01-16,594.5,836.0,776.0
394,40.0,Female,69137.0,Groceries,863.58,2023-01-28,407.5,703.0,870.0
395,50.0,Female,43615.0,Electronics,320.74,2023-06-22,620.0,111.0,322.5
396,20.0,Male,55253.0,Travel,542.64,2023-02-15,56.0,328.0,535.0
397,35.0,Male,78196.0,Groceries,841.71,2023-11-24,320.0,867.0,852.0
398,42.0,Female,62125.0,Travel,989.56,2023-08-24,452.0,522.0,980.0
399,59.0,Female,94789.0,Clothing,890.62,2023-08-02,794.5,985.0,897.0
400,48.0,Male,65899.0,Healthcare,377.75,2023-03-26,576.0,617.0,380.0
401,20.0,Female,62880.0,Travel,203.21,2023-10-09,56.0,544.0,196.0
402,57.0,Male,55363.0,Healthcare,494.5,2023-08-20,763.0,330.0,498.0
403,63.0,Male,62003.0,Travel,744.23,2023-03-26,860.0,519.0,745.0
404,41.0,Male,57712.0,Clothing,497.64,2023-03-06,430.0,397.0,501.0
405,67.0,Male,70621.0,Groceries,488.35,2023-05-14,943.0,732.0,489.0
406,49.0,Male,74350.0,Clothing,839.85,2023-05-31,594.5,802.0,850.0
407,64.0,Female,48210.0,Groceries,367.79,2023-04-25,878.0,180.0,375.0
408,39.0,Female,40031.0,Groceries,861.2,2023-03-05,387.0,76.0,869.0
409,40.0,Female,32456.0,Healthcare,412.74,2023-12-09,407.5,21.0,421.0
410,19.0,Female,67619.0,Clothing,334.95,2023-12-29,35.0,662.0,338.0
411,44.0,Male,43449.0,Travel,459.45,2023-12-18,497.5,108.0,464.0
412,59.0,Male,27706.0,Clothing,764.82,2023-06-07,794.5,9.0,767.0
413,19.0,Male,65828.0,Healthcare,134.74,2023-03-18,35.0,615.0,128.0
414,43.0,Male,97394.0,Groceries,204.46,2023-05-26,476.0,988.0,197.0
415,34.0,Female,59908.0,Healthcare,951.93,2023-12-09,302.5,462.0,952.0
416,57.0,Male,72577.0,Electronics,183.74,2023-08-13,763.0,766.0,178.0
417,50.0,Male,61227.0,Electronics,572.05,2023-11-09,620.0,499.0,568.0
418,26.0,Female,58516.0,Travel,583.52,2023-04-13,163.0,419.0,584.0
419,60.0,Female,73786.0,Healthcare,494.73,2023-12-13,808.0,789.0,499.0
420,65.0,Female,55645.0,Travel,648.3,2023-10-28,900.0,340.0,643.0
421,56.0,Female,64010.0,Travel,237.53,2023-03-29,744.0,572.0,236.0
422,46.0,Male,64825.0,Electronics,557.14,2023-10-30,542.0,592.0,549.0
423,59.0,Male,49978.0,Travel,378.45,2023-06-17,794.5,218.0,381.0
424,43.0,Female,74880.0,Electronics,665.05,2023-06-19,476.0,809.0,659.0
425,52.0,Male,57375.0,Groceries,149.81,2023-05-15,663.0,387.0,136.0
426,67.0,Male,48663.0,Healthcare,575.17,2023-02-19,943.0,184.0,570.0
427,42.0,Male,68047.0,Travel,193.42,2023-12-06,452.0,671.0,187.0
428,41.0,Female,46522.0,Electronics,285.86,2023-12-13,430.0,159.0,294.0
429,30.0,Male,60422.0,Clothing,226.52,2023-05-14,230.5,475.0,219.0
430,24.0,Female,59863.0,Travel,191.01,2023-12-13,126.5,461.0,184.0
431,53.0,Male,76288.0,Groceries,827.45,2023-05-17,686.5,833.0,831.0
432,62.0,Male,67120.0,Groceries,292.85,2023-09-02,843.0,651.0,297.0
433,37.0,Male,59624.0,Clothing,927.85,2023-04-19,352.5,452.0,928.0
434,18.0,Female,72266.0,Electronics,970.23,2023-11-09,12.5,763.0,966.0
435,25.0,Male,80853.0,Travel,575.55,2023-10-14,144.0,899.0,571.0
436,63.0,Female,68367.0,Electronics,151.57,2023-01-21,860.0,683.0,138.0
437,33.0,Female,60155.0,Groceries,380.8,2023-03-31,282.0,466.0,386.0
438,31.0,Female,40322.0,Electronics,799.75,2023-10-23,247.5,79.0,793.0
439,29.0,Male,44023.0,Groceries,373.72,2023-04-22,212.0,118.0,377.0
440,68.0,Male,55421.0,Electronics,96.15,2023-10-28,961.5,333.0,96.0
441,40.0,Male,50857.0,Clothing,561.22,2023-03-18,407.5,240.0,553.0
442,32.0,Male,57195.0,Healthcare,846.67,2023-06-26,264.0,382.0,858.0
443,45.0,Female,60849.0,Clothing,797.97,2023-12-09,519.0,486.0,791.0
444,51.0,Female,67945.0,Clothing,183.37,2023-05-28,641.5,670.0,177.0
445,19.0,Female,58942.0,Healthcare,676.04,2023-04-11,35.0,433.0,678.0
446,49.0,Male,67297.0,Healthcare,228.3,2023-09-03,594.5,654.0,225.0
447,40.0,Female,60967.0,Travel,226.03,2023-04-27,407.5,490.0,218.0
448,39.0,Male,30368.0,Travel,875.33,2023-04-02,387.0,15.0,881.0
449,68.0,Female,45909.0,Clothing,257.17,2023-01-28,961.5,151.0,258.0
450,42.0,Male,57838.0,Clothing,270.61,2023-01-25,452.0,401.0,272.0
451,39.0,Male,41854.0,Groceries,10.65,2023-02-27,387.0,91.0,2.0
452,39.0,Female,68998.0,Groceries,871.96,2023-10-24,387.0,701.0,878.0
453,66.0,Female,82961.0,Travel,794.67,2023-05-14,923.0,919.0,788.0
454,69.0,Female,78281.0,Travel,631.06,2023-11-27,983.0,869.0,632.0
455,59.0,Female,56798.0,Groceries,752.76,2023-09-06,794.5,370.0,751.0
456,23.0,Male,82360.0,Groceries,160.53,2023-02-07,112.0,911.0,146.0
457,32.0,Female,62230.0,Electronics,463.74,2023-03-16,264.0,525.0,468.0
458,60.0,Female,54943.0,Electronics,357.71,2023-05-22,808.0,320.0,361.0
459,54.0,Female,50798.0,Groceries,102.84,2023-11-18,707.5,236.0,100.0
460,50.0,Male,55462.0,Electronics,491.27,2023-06-17,620.0,335.0,494.0
461,25.0,Male,54177.0,Healthcare,921.53,2023-09-16,144.0,305.0,925.0
462,61.0,Female,62556.0,Travel,49.66,2023-12-21,823.0,532.0,43.0
463,61.0,Male,62408.0,Travel,298.55,2023-08-13,823.0,528.0,302.0
464,22.0,Female,60045.0,Groceries,215.47,2023-06-01,93.0,465.0,205.0
465,56.0,Male,66554.0,Clothing,245.77,2023-01-19,744.0,638.0,248.0
466,21.0,Male,77859.0,Groceries,909.35,2023-05-26,74.0,860.0,917.0
467,23.0,Male,74243.0,Electronics,473.39,2023-08-29,112.0,797.0,480.0
468,62.0,Male,37726.0,Clothing,471.64,2023-12-10,843.0,54.0,476.0
469,49.0,Female,21691.0,Electronics,762.97,2023-08-25,594.5,1.0,764.0
470,69.0,Female,74014.0,Healthcare,162.95,2023-02-04,983.0,795.0,149.0
471,47.0,Female,39496.0,Electronics,492.39,2023-07-09,560.5,70.0,495.0
472,64.0,Male,56628.0,Healthcare,435.69,2023-01-01,878.0,364.0,447.0
473,52.0,Female,42448.0,Healthcare,600.94,2023-06-02,663.0,97.0,601.0
474,57.0,Female,32970.0,Electronics,999.56,2023-05-06,763.0,24.0,993.0
475,69.0,Female,68121.0,Electronics,771.75,2023-12-11,983.0,675.0,772.0
476,33.0,Male,71387.0,Healthcare,403.89,2023-08-14,282.0,749.0,413.0
477,30.0,Male,51352.0,Clothing,829.28,2023-08-09,230.5,249.0,836.0
479,59.0,Female,51806.0,Travel,40.16,2023-01-25,794.5,263.0,31.0
480,47.0,Female,65877.0,Healthcare,212.4,2023-01-16,560.5,616.0,203.0
481,36.0,Female,37816.0,Clothing,347.01,2023-07-01,336.5,55.0,347.0
482,34.0,Male,62750.0,Travel,515.47,2023-11-25,302.5,537.0,515.0
483,36.0,Male,59770.0,Groceries,618.98,2023-05-09,336.5,460.0,620.0
484,45.0,Female,68689.0,Groceries,911.5,2023-02-11,519.0,690.0,919.0
485,43.0,Male,61793.0,Clothing,514.76,2023-12-02,476.0,509.0,514.0
486,54.0,Male,45403.0,Healthcare,506.26,2023-08-24,707.5,144.0,506.0
487,43.0,Male,77948.0,Electronics,59.74,2023-12-26,476.0,862.0,50.0
488,40.0,Male,57622.0,Clothing,44.56,2023-02-03,407.5,396.0,38.0
489,26.0,Female,59590.0,Travel,555.65,2023-12-11,163.0,450.0,548.0
490,29.0,Male,46000.0,Travel,443.8,2023-02-14,212.0,153.0,453.0
491,18.0,Male,53350.0,Groceries,840.79,2023-05-14,12.5,292.0,851.0
492,18.0,Male,46727.0,Travel,169.07,2023-01-21,12.5,162.0,158.0
493,64.0,Male,57405.0,Clothing,34.72,2023-05-02,878.0,389.0,25.0
494,51.0,Female,85675.0,Travel,454.55,2023-03-11,641.5,946.0,461.0
495,49.0,Female,39421.0,Clothing,245.1,2023-12-18,594.5,68.0,247.0
496,65.0,Male,35796.0,Electronics,59.12,2023-12-27,900.0,36.0,49.0
497,42.0,Male,82067.0,Groceries,727.35,2023-02-17,452.0,908.0,730.0
498,57.0,Male,56860.0,Travel,120.48,2023-02-08,763.0,372.0,116.0
499,62.0,Male,49963.0,Clothing,612.24,2023-10-14,843.0,216.0,613.0
500,18.0,Male,75598.0,Healthcare,288.24,2023-01-10,12.5,822.0,295.0
501,33.0,Male,50915.0,Groceries,181.76,2023-01-30,282.0,243.0,175.0
502,56.0,Female,87390.0,Electronics,385.95,2023-09-01,744.0,955.0,390.0
503,22.0,Male,70168.0,Clothing,803.43,2023-10-01,93.0,725.5,796.0
504,39.0,Female,52681.0,Electronics,398.17,2023-03-29,387.0,276.0,404.0
505,46.0,Female,92359.0,Electronics,753.26,2023-09-01,542.0,978.0,752.0
506,20.0,Male,50914.0,Travel,134.23,2023-11-25,56.0,242.0,126.0
507,29.0,Female,71131.0,Travel,775.04,2023-01-15,212.0,744.5,773.0
508,43.0,Female,64489.0,Clothing,244.56,2023-01-04,476.0,583.0,246.0
509,33.0,Female,79526.0,Healthcare,680.62,2023-07-10,282.0,882.0,688.0
510,68.0,Female,83422.0,Clothing,570.12,2023-06-17,961.5,922.0,565.0
511,54.0,Female,60480.0,Healthcare,929.85,2023-01-09,707.5,477.0,932.5
512,39.0,Female,48698.0,Electronics,393.45,2023-04-19,387.0,187.0,396.0
513,46.0,Male,66899.0,Groceries,75.5,2023-05-17,542.0,648.0,67.0
514,31.0,Female,49834.0,Clothing,28.96,2023-06-03,247.5,211.0,22.0
515,45.0,Female,90200.0,Clothing,828.59,2023-07-28,519.0,968.0,834.0
516,22.0,Female,62048.0,Healthcare,529.49,2023-09-29,93.0,520.0,522.0
517,64.0,Male,54520.0,Electronics,777.49,2023-05-23,878.0,312.0,775.0
518,66.0,Female,62770.0,Electronics,242.08,2023-04-09,923.0,539.0,245.0
519,47.0,Male,39793.0,Healthcare,351.63,2023-11-04,560.5,73.0,356.0
520,63.0,Female,45425.0,Electronics,39.8,2023-03-10,860.0,145.0,30.0
521,69.0,Male,78006.0,Travel,961.88,2023-09-04,983.0,864.0,958.0
522,22.0,Male,50146.0,Groceries,671.19,2023-09-18,93.0,220.0,673.0
523,29.0,Female,44296.0,Clothing,933.87,2023-10-03,212.0,122.0,937.0
524,33.0,Female,68049.0,Groceries,272.84,2023-03-20,282.0,672.0,275.0
525,43.0,Male,77785.0,Clothing,615.35,2023-05-26,476.0,854.0,616.0
526,43.0,Female,70784.0,Travel,681.71,2023-04-21,476.0,737.0,691.0
527,65.0,Male,74940.0,Electronics,324.37,2023-09-15,900.0,810.0,325.0
528,38.0,Male,48648.0,Healthcare,849.63,2023-04-03,368.5,183.0,861.0
529,56.0,Male,38672.0,Travel,947.69,2023-01-13,744.0,62.0,951.0
530,53.0,Male,82520.0,Groceries,886.01,2023-09-17,686.5,914.0,891.0
531,50.0,Male,55159.0,Healthcare,741.68,2023-04-19,620.0,323.0,744.0
532,47.0,Female,56237.0,Electronics,284.69,2023-11-26,560.5,352.0,292.0
533,54.0,Male,79922.0,Travel,288.8,2023-07-08,707.5,889.0,296.0
534,40.0,Male,68343.0,Healthcare,963.73,2023-04-05,407.5,682.0,959.0
535,27.0,Female,66838.0,Travel,20.18,2023-04-15,178.5,646.0,10.0
536,22.0,Male,92475.0,Travel,718.89,2023-01-08,93.0,980.0,725.0
537,53.0,Female,50347.0,Electronics,709.18,2023-03-08,686.5,231.0,717.0
538,51.0,Female,73917.0,Clothing,626.46,2023-07-10,641.5,793.0,626.0
539,69.0,Female,60855.0,Healthcare,990.21,2023-09-13,983.0,487.0,981.0
540,48.0,Male,64028.0,Electronics,318.76,2023-01-09,576.0,573.0,319.0
541,27.0,Male,82927.0,Travel,346.57,2023-04-27,178.5,918.0,346.0
542,36.0,Male,67617.0,Electronics,88.15,2023-09-24,336.5,661.0,84.0
543,49.0,Female,68074.0,Clothing,448.37,2023-04-09,594.5,673.0,458.0
544,18.0,Male,76087.0,Healthcare,268.44,2023-10-25,12.5,828.0,271.0
545,22.0,Female,54525.0,Clothing,349.95,2023-06-13,93.0,313.0,354.0
546,62.0,Male,47411.0,Groceries,836.23,2023-05-21,843.0,169.0,843.0
547,21.0,Female,44327.0,Healthcare,936.13,2023-09-25,74.0,123.0,941.0
548,33.0,Male,30504.0,Clothing,193.88,2023-02-06,282.0,16.0,188.0
549,41.0,Male,90843.0,Travel,378.78,2023-03-15,430.0,969.0,382.0
550,33.0,Male,43451.0,Healthcare,929.34,2023-03-14,282.0,109.0,930.0
551,19.0,Female,56681.0,Healthcare,71.19,2023-11-04,35.0,367.0,64.0
552,66.0,Female,55847.0,Electronics,101.44,2023-07-18,923.0,344.0,99.0
553,45.0,Male,64611.0,Travel,171.16,2023-05-10,519.0,586.0,162.0
554,49.0,Male,72236.0,Groceries,599.26,2023-09-03,594.5,762.0,597.0
555,44.0,Female,72907.0,Clothing,158.97,2023-11-08,497.5,773.0,145.0
556,37.0,Female,51253.0,Electronics,968.4,2023-03-01,352.5,246.0,964.0
557,41.0,Female,57493.0,Clothing,452.25,2023-10-06,430.0,393.5,460.0
558,29.0,Male,64238.0,Groceries,506.5,2023-04-13,212.0,577.0,507.0
559,67.0,Female,56269.0,Groceries,254.19,2023-10-23,943.0,354.0,256.0
560,52.0,Male,84110.0,Healthcare,476.25,2023-11-16,663.0,927.0,482.0
561,50.0,Female,67364.0,Groceries,665.29,2023-12-07,620.0,656.0,664.0
562,50.0,Male,71023.0,Clothing,753.67,2023-05-31,620.0,741.0,753.0
563,68.0,Female,69943.0,Travel,756.33,2023-06-06,961.5,721.0,757.0
564,60.0,Female,77602.0,Travel,582.11,2023-07-25,808.0,853.0,582.0
565,54.0,Female,62715.0,Healthcare,905.32,2023-06-28,707.5,536.0,914.0
566,29.0,Female,40547.0,Clothing,819.23,2023-07-16,212.0,80.0,817.0
567,20.0,Female,65995.0,Clothing,759.48,2023-08-11,56.0,622.0,759.0
568,18.0,Male,50229.0,Groceries,65.05,2023-03-30,12.5,224.0,59.0
569,50.0,Female,52070.0,Clothing,16.81,2023-10-14,620.0,270.0,7.0
570,57.0,Female,68795.0,Electronics,220.32,2023-10-03,763.0,694.0,213.0
571,27.0,Female,78574.0,Groceries,666.89,2023-08-24,178.5,874.0,666.0
572,60.0,Male,60319.0,Electronics,417.09,2023-07-02,808.0,471.5,426.0
573,61.0,Female,64632.0,Healthcare,408.38,2023-07-28,823.0,587.0,418.0
574,46.0,Male,85533.0,Travel,885.74,2023-05-10,542.0,944.0,890.0
575,30.0,Female,63611.0,Healthcare,896.61,2023-06-02,230.5,565.0,902.0
576,29.0,Female,99025.0,Travel,910.08,2023-01-13,212.0,993.0,918.0
577,48.0,Male,68482.0,Healthcare,320.74,2023-05-02,576.0,686.0,322.5
578,63.0,Female,33588.0,Clothing,694.15,2023-12-25,860.0,27.0,701.0
579,19.0,Male,71300.0,Electronics,278.92,2023-08-08,35.0,747.0,283.0
580,68.0,Male,65717.0,Travel,198.7,2023-04-16,961.5,613.0,191.0
581,67.0,Female,79346.0,Groceries,192.79,2023-03-11,943.0,880.0,186.0
582,52.0,Male,70097.0,Electronics,348.69,2023-07-14,663.0,724.0,351.0
583,40.0,Female,57923.0,Groceries,435.66,2023-07-05,407.5,403.0,446.0
584,34.0,Female,41635.0,Electronics,832.64,2023-04-09,302.5,89.0,838.0
585,43.0,Male,56864.0,Electronics,128.69,2023-03-23,476.0,374.0,124.0
586,25.0,Male,47242.0,Healthcare,737.58,2023-03-16,144.0,165.0,740.0
587,46.0,Male,51292.0,Travel,536.14,2023-12-06,542.0,248.0,527.0
588,43.0,Male,68828.0,Travel,295.07,2023-07-11,476.0,696.0,299.0
589,27.0,Female,85048.0,Electronics,497.89,2023-11-21,178.5,939.0,502.0
590,43.0,Female,65920.0,Clothing,306.94,2023-08-02,476.0,619.0,310.0
591,51.0,Male,42061.0,Clothing,600.12,2023-11-11,641.5,93.0,599.0
592,68.0,Female,66669.0,Groceries,439.51,2023-11-14,961.5,642.0,452.0
593,58.0,Female,77949.0,Groceries,172.76,2023-05-24,778.5,863.0,164.0
594,24.0,Female,50853.0,Healthcare,125.42,2023-08-04,126.5,239.0,119.0
595,21.0,Female,57989.0,Electronics,551.23,2023-12-27,74.0,406.0,542.0
596,67.0,Male,60220.0,Groceries,903.39,2023-11-20,943.0,467.0,912.0
597,62.0,Male,48226.0,Groceries,350.52,2023-01-15,843.0,181.0,355.0
598,28.0,Female,69724.0,Electronics,735.67,2023-08-05,193.5,717.0,738.0
599,46.0,Male,58185.0,Healthcare,662.07,2023-02-04,542.0,412.0,654.0
600,53.0,Male,66292.0,Groceries,932.24,2023-07-02,686.5,627.0,935.0
601,42.0,Male,46687.0,Healthcare,822.77,2023-09-27,452.0,161.0,821.0
602,38.0,Female,53438.0,Travel,570.94,2023-12-24,368.5,293.0,567.0
603,53.0,Female,70835.0,Healthcare,660.46,2023-04-10,686.5,738.0,652.0
604,27.0,Female,54407.0,Clothing,899.4,2023-01-07,178.5,307.0,908.0
605,54.0,Male,85904.0,Clothing,405.52,2023-01-30,707.5,947.0,414.0
606,26.0,Female,54005.0,Healthcare,333.53,2023-11-01,163.0,302.0,336.0
607,41.0,Female,63370.0,Clothing,20.7,2023-05-24,430.0,560.0,11.0
608,52.0,Male,73988.0,Travel,828.29,2023-04-21,663.0,794.0,833.0
609,66.0,Female,38724.0,Electronics,802.97,2023-08-20,923.0,63.0,795.0
610,52.0,Female,33587.0,Clothing,113.41,2023-06-28,663.0,26.0,112.0
611,65.0,Male,37115.0,Clothing,581.09,2023-03-13,900.0,49.0,578.0
612,53.0,Male,78938.0,Healthcare,469.34,2023-07-29,686.5,876.0,472.0
613,35.0,Male,51722.0,Travel,127.52,2023-08-08,320.0,259.0,123.0
614,66.0,Female,98372.0,Electronics,980.76,2023-03-21,923.0,990.0,975.0
615,56.0,Female,51536.0,Healthcare,222.55,2023-03-24,744.0,252.0,214.0
616,49.0,Female,62768.0,Healthcare,76.56,2023-02-11,594.5,538.0,72.0
617,41.0,Male,83131.0,Travel,598.9,2023-09-30,430.0,920.0,596.0
618,40.0,Male,90091.0,Electronics,741.48,2023-07-10,407.5,967.0,743.0
619,49.0,Female,90922.0,Travel,42.12,2023-06-22,594.5,971.0,34.0
620,54.0,Female,78125.0,Electronics,662.13,2023-01-07,707.5,866.0,655.0
621,29.0,Male,75360.0,Travel,536.97,2023-06-04,212.0,818.0,530.0
622,66.0,Male,68887.0,Healthcare,112.23,2023-01-10,923.0,698.0,110.0
623,30.0,Male,71675.0,Healthcare,180.8,2023-02-03,230.5,754.0,174.0
624,40.0,Male,51732.0,Groceries,572.29,2023-02-05,407.5,260.0,569.0
625,42.0,Female,47727.0,Clothing,303.39,2023-01-06,452.0,173.0,307.0
626,52.0,Male,59949.0,Travel,938.93,2023-08-03,663.0,464.0,943.0
627,58.0,Female,57447.0,Groceries,820.55,2023-05-14,778.5,391.0,819.0
628,47.0,Female,53201.0,Clothing,983.73,2023-10-12,560.5,287.0,977.0
629,34.0,Female,70445.0,Travel,267.07,2023-05-06,302.5,729.0,269.0
630,66.0,Male,74329.0,Electronics,970.03,2023-12-03,923.0,801.0,965.0
631,37.0,Male,61326.0,Clothing,436.92,2023-06-23,352.5,502.0,448.0
632,65.0,Male,82162.0,Healthcare,354.04,2023-06-01,900.0,910.0,358.0
633,42.0,Male,42874.0,Groceries,59.85,2023-11-27,452.0,103.0,51.0
634,39.0,Female,57095.0,Clothing,62.24,2023-01-26,387.0,379.0,57.0
635,30.0,Male,49247.0,Clothing,695.09,2023-04-25,230.5,198.0,702.0
636,36.0,Male,32001.0,Healthcare,463.35,2023-10-11,336.5,20.0,467.0
637,66.0,Female,58759.0,Travel,234.26,2023-03-16,923.0,427.0,232.0
638,53.0,Male,58173.0,Electronics,617.83,2023-06-15,686.5,411.0,619.0
639,29.0,Female,82701.0,Healthcare,260.33,2023-07-08,212.0,916.0,261.0
640,58.0,Female,69462.0,Electronics,581.86,2023-03-19,778.5,708.0,580.0
641,36.0,Female,44637.0,Travel,365.62,2023-03-31,336.5,127.0,371.0
642,29.0,Female,87811.0,Clothing,825.32,2023-06-25,212.0,959.0,826.0
643,26.0,Female,78315.0,Electronics,822.49,2023-01-21,163.0,870.0,820.0
644,24.0,Female,68731.0,Groceries,482.58,2023-02-23,126.5,692.0,486.0
645,45.0,Female,56602.0,Groceries,357.31,2023-07-03,519.0,361.5,360.0
646,31.0,Female,45608.0,Healthcare,368.93,2023-12-25,247.5,148.0,376.0
647,48.0,Male,54416.0,Travel,807.66,2023-08-10,576.0,308.0,808.0
648,69.0,Male,76331.0,Healthcare,334.9,2023-11-11,983.0,835.0,337.0
649,36.0,Male,88268.0,Healthcare,216.97,2023-11-24,336.5,962.0,206.0
650,64.0,Male,83148.0,Healthcare,93.84,2023-06-28,878.0,921.0,93.0
651,33.0,Female,52667.0,Groceries,472.03,2023-10-03,282.0,275.0,478.0
652,22.0,Male,43205.0,Groceries,487.31,2023-04-22,93.0,105.0,488.0
653,52.0,Female,62113.0,Healthcare,842.5,2023-08-12,663.0,521.0,853.0
654,29.0,Male,33473.0,Groceries,229.03,2023-08-02,212.0,25.0,226.0
655,42.0,Male,64847.0,Travel,387.18,2023-02-28,452.0,594.0,392.0
656,69.0,Male,57785.0,Healthcare,810.32,2023-11-23,983.0,399.0,810.0
657,38.0,Female,53009.0,Groceries,825.39,2023-04-19,368.5,283.0,827.0
658,53.0,Male,36079.0,Electronics,390.76,2023-06-06,686.5,38.0,394.0
659,40.0,Female,67704.0,Healthcare,464.53,2023-07-10,407.5,666.0,470.0
660,33.0,Female,52009.0,Healthcare,310.25,2023-07-19,282.0,267.0,312.0
661,56.0,Male,42451.0,Travel,933.23,2023-11-08,744.0,98.0,936.0
663,59.0,Male,59587.0,Clothing,934.41,2023-02-04,794.5,449.0,938.0
664,56.0,Female,86583.0,Travel,687.03,2023-09-03,744.0,951.0,695.0
665,31.0,Male,84918.0,Travel,536.26,2023-08-25,247.5,938.0,528.0
666,48.0,Female,53143.0,Travel,42.33,2023-04-14,576.0,286.0,35.0
667,22.0,Female,50966.0,Clothing,480.84,2023-01-07,93.0,244.0,485.0
668,52.0,Male,67031.0,Travel,413.67,2023-10-10,663.0,650.0,422.0
669,40.0,Male,45024.0,Groceries,169.61,2023-01-01,407.5,137.0,159.0
670,46.0,Female,64526.0,Healthcare,659.85,2023-08-07,542.0,584.0,650.0
671,60.0,Female,71491.0,Healthcare,971.44,2023-08-18,808.0,752.0,967.0
672,28.0,Female,78403.0,Electronics,566.57,2023-06-21,193.5,871.0,559.0
673,35.0,Male,58497.0,Electronics,717.61,2023-03-28,320.0,417.0,723.0
674,64.0,Female,56944.0,Healthcare,77.77,2023-02-10,878.0,376.0,74.0
675,29.0,Male,46830.0,Groceries,423.49,2023-05-03,212.0,163.0,432.0
676,26.0,Female,47596.0,Clothing,125.19,2023-11-27,163.0,172.0,118.0
677,27.0,Female,56602.0,Clothing,616.67,2023-10-25,178.5,361.5,618.0
678,61.0,Male,65510.0,Groceries,939.1,2023-06-27,823.0,609.0,944.0
679,34.0,Female,73703.0,Clothing,665.16,2023-03-04,302.5,786.0,662.0
680,55.0,Male,47952.0,Travel,86.04,2023-06-14,725.5,177.0,82.0
681,24.0,Male,82390.0,Healthcare,361.12,2023-07-06,126.5,912.0,365.0
682,63.0,Female,55933.0,Healthcare,555.16,2023-07-28,860.0,345.0,547.0
683,30.0,Male,59679.0,Groceries,409.18,2023-08-15,230.5,456.0,419.0
684,57.0,Male,48791.0,Clothing,835.31,2023-02-17,763.0,191.0,842.0
685,59.0,Female,23636.0,Electronics,816.52,2023-08-12,794.5,3.0,813.0
686,26.0,Male,73260.0,Electronics,615.71,2023-01-03,163.0,780.0,617.0
687,67.0,Male,71052.0,Clothing,379.72,2023-06-24,943.0,742.0,385.0
688,44.0,Male,55780.0,Electronics,262.78,2023-04-09,497.5,341.0,265.0
689,19.0,Female,61004.0,Groceries,114.82,2023-04-26,35.0,491.0,114.0
690,22.0,Male,67739.0,Groceries,361.35,2023-09-27,93.0,668.0,366.0
691,46.0,Female,36561.0,Clothing,419.04,2023-09-10,542.0,46.0,429.0
692,54.0,Female,52064.0,Electronics,679.06,2023-11-13,707.5,269.0,684.0
693,55.0,Male,71913.0,Groceries,661.58,2023-04-05,725.5,758.0,653.0
694,36.0,Male,41185.0,Groceries,79.41,2023-09-30,336.5,84.0,78.0
695,25.0,Male,64403.0,Travel,401.31,2023-01-24,144.0,581.0,410.0
696,65.0,Female,39651.0,Travel,189.96,2023-04-26,900.0,72.0,183.0
697,62.0,Male,66996.0,Groceries,165.24,2023-05-31,843.0,649.0,155.0
698,18.0,Male,59465.0,Clothing,829.03,2023-12-04,12.5,447.0,835.0
699,39.0,Male,35773.0,Healthcare,51.5,2023-02-19,387.0,35.0,47.0
700,69.0,Male,77471.0,Healthcare,424.99,2023-07-25,983.0,850.0,435.0
701,34.0,Male,48981.0,Groceries,176.52,2023-12-01,302.5,194.0,169.0
702,24.0,Female,47846.0,Groceries,880.54,2023-03-20,126.5,175.0,885.0
703,42.0,Female,63008.0,Groceries,561.47,2023-03-11,452.0,551.0,555.0
704,62.0,Male,77229.0,Clothing,239.07,2023-01-27,843.0,846.0,238.0
705,21.0,Male,44762.0,Travel,507.4,2023-09-28,74.0,130.0,508.0
706,53.0,Male,60925.0,Groceries,734.17,2023-02-19,686.5,489.0,735.0
707,23.0,Male,66432.0,Groceries,958.54,2023-10-19,112.0,634.0,955.0
708,48.0,Female,70396.0,Electronics,228.24,2023-09-04,576.0,728.0,224.0
709,36.0,Male,62646.0,Clothing,887.32,2023-09-21,336.5,533.0,894.0
710,61.0,Female,54494.0,Groceries,934.96,2023-03-20,823.0,310.0,939.0
711,56.0,Female,47586.0,Electronics,917.26,2023-07-09,744.0,171.0,922.0
712,44.0,Male,61292.0,Healthcare,639.06,2023-02-16,497.5,501.0,639.0
713,27.0,Female,43917.0,Groceries,633.52,2023-12-27,178.5,114.0,634.0
715,36.0,Female,66548.0,Electronics,754.87,2023-12-18,336.5,637.0,755.0
716,56.0,Female,73559.0,Clothing,535.98,2023-07-08,744.0,785.0,526.0
717,20.0,Male,24556.0,Groceries,680.66,2023-09-13,56.0,5.0,689.0
718,62.0,Male,44854.0,Healthcare,434.17,2023-08-10,843.0,132.0,443.0
719,30.0,Female,69287.0,Groceries,734.18,2023-08-29,230.5,707.0,736.0
720,67.0,Male,90862.0,Healthcare,826.23,2023-09-26,943.0,970.0,829.0
721,45.0,Male,60311.0,Travel,154.97,2023-01-01,519.0,470.0,141.0
722,37.0,Male,49079.0,Travel,834.6,2023-02-03,352.5,195.0,841.0
723,45.0,Male,57256.0,Healthcare,544.89,2023-03-20,519.0,384.0,536.0
724,25.0,Male,80623.0,Clothing,846.22,2023-08-24,144.0,894.0,856.0
725,58.0,Female,50310.0,Groceries,436.99,2023-11-30,778.5,229.0,449.0
726,56.0,Male,48012.0,Groceries,385.25,2023-12-15,744.0,178.0,389.0
727,18.0,Male,52758.0,Travel,915.91,2023-04-08,12.5,280.0,921.0
728,20.0,Male,45700.0,Healthcare,258.66,2023-03-23,56.0,150.0,260.0
729,30.0,Male,61840.0,Groceries,845.77,2023-07-11,230.5,512.0,855.0
730,45.0,Female,84370.0,Groceries,489.18,2023-09-10,519.0,932.0,491.0
731,66.0,Female,64846.0,Clothing,518.95,2023-02-07,923.0,593.0,516.0
732,42.0,Female,56214.0,Electronics,315.38,2023-01-14,452.0,351.0,317.0
733,50.0,Female,55622.0,Travel,577.31,2023-12-13,620.0,339.0,574.0
734,55.0,Male,36552.0,Travel,331.96,2023-11-06,725.5,45.0,331.0
735,23.0,Female,73246.0,Electronics,48.88,2023-07-28,112.0,778.0,41.0
736,61.0,Male,58832.0,Groceries,279.28,2023-12-23,823.0,431.0,286.0
737,62.0,Male,57292.0,Clothing,16.32,2023-03-30,843.0,385.0,6.0
739,62.0,Male,64481.0,Travel,966.09,2023-04-04,843.0,582.0,961.0
740,64.0,Male,48723.0,Clothing,401.2,2023-04-03,878.0,190.0,409.0
741,38.0,Female,53604.0,Electronics,731.09,2023-12-06,368.5,299.0,732.0
742,33.0,Female,77226.0,Groceries,352.35,2023-03-26,282.0,845.0,357.0
743,38.0,Female,61699.0,Electronics,674.38,2023-09-02,368.5,507.0,674.0
744,28.0,Female,38425.0,Healthcare,807.38,2023-01-22,193.5,60.0,805.5
745,54.0,Male,73788.0,Travel,947.29,2023-10-18,707.5,791.0,950.0
746,53.0,Female,49977.0,Clothing,406.21,2023-09-29,686.5,217.0,415.0
747,52.0,Male,88099.0,Healthcare,785.47,2023-11-02,663.0,960.0,782.0
748,36.0,Female,76200.0,Clothing,273.27,2023-05-02,336.5,832.0,276.0
749,37.0,Male,53290.0,Groceries,990.43,2023-05-08,352.5,289.0,982.0
750,35.0,Male,79215.0,Groceries,35.51,2023-04-23,320.0,879.0,26.0
751,64.0,Female,61017.0,Groceries,607.49,2023-09-30,878.0,492.0,607.0
752,58.0,Male,72791.0,Clothing,662.91,2023-12-02,778.5,771.0,658.0
753,66.0,Male,67270.0,Healthcare,691.17,2023-05-10,923.0,653.0,697.0
754,31.0,Female,47304.0,Groceries,129.18,2023-05-12,247.5,167.0,125.0
755,32.0,Male,50346.0,Healthcare,939.14,2023-03-26,264.0,230.0,945.0
756,48.0,Female,75449.0,Clothing,189.37,2023-12-16,576.0,819.0,182.0
757,18.0,Female,54978.0,Healthcare,626.53,2023-03-22,12.5,321.0,627.0
758,20.0,Female,53945.0,Clothing,230.45,2023-11-21,56.0,301.0,228.0
759,33.0,Male,45673.0,Clothing,314.14,2023-03-10,282.0,149.0,315.0
760,40.0,Male,66353.0,Travel,550.99,2023-05-28,407.5,629.0,541.0
761,28.0,Male,90937.0,Clothing,423.02,2023-01-16,193.5,972.0,431.0
762,29.0,Female,43987.0,Clothing,168.62,2023-11-03,212.0,117.0,156.0
763,27.0,Male,60363.0,Electronics,179.23,2023-04-15,178.5,473.0,172.0
764,49.0,Female,81183.0,Groceries,423.96,2023-06-14,594.5,905.0,433.0
765,33.0,Female,58805.0,Travel,759.71,2023-07-20,282.0,430.0,760.0
766,25.0,Male,66785.0,Travel,898.99,2023-07-16,144.0,644.0,907.0
767,55.0,Female,44064.0,Travel,93.29,2023-07-04,725.5,119.0,91.0
768,29.0,Male,66424.0,Electronics,399.17,2023-11-18,212.0,633.0,407.0
769,41.0,Male,57192.0,Clothing,109.24,2023-09-22,430.0,381.0,106.0
770,45.0,Male,74785.0,Groceries,26.43,2023-12-29,519.0,808.0,18.0
771,25.0,Male,77810.0,Healthcare,665.1,2023-04-10,144.0,856.0,661.0
772,45.0,Male,98843.0,Clothing,606.42,2023-12-08,519.0,992.0,605.0
773,53.0,Female,68694.0,Electronics,171.39,2023-11-16,686.5,691.0,163.0
774,43.0,Female,64886.0,Clothing,241.47,2023-08-02,476.0,596.0,243.0
775,25.0,Female,62915.0,Clothing,33.47,2023-10-05,144.0,546.0,24.0
776,67.0,Male,54702.0,Electronics,836.6,2023-06-11,943.0,316.0,844.0
777,45.0,Male,65077.0,Travel,974.94,2023-06-06,519.0,600.0,971.0
778,45.0,Male,55568.0,Travel,144.1,2023-09-08,519.0,337.0,133.0
779,54.0,Female,62526.0,Groceries,239.16,2023-04-07,707.5,529.0,239.0
780,58.0,Male,79763.0,Groceries,869.73,2023-01-18,778.5,888.0,876.0
781,53.0,Female,44901.0,Travel,927.2,2023-11-23,686.5,133.0,927.0
782,44.0,Female,77098.0,Healthcare,425.43,2023-04-07,497.5,844.0,437.0
783,34.0,Male,79756.0,Clothing,60.12,2023-01-01,302.5,886.0,54.0
784,26.0,Male,58228.0,Healthcare,49.0,2023-08-04,163.0,414.0,42.0
785,50.0,Female,28172.0,Clothing,578.21,2023-05-12,620.0,11.0,575.0
786,37.0,Male,50882.0,Travel,398.97,2023-09-17,352.5,241.0,406.0
787,30.0,Female,79454.0,Groceries,38.37,2023-05-05,230.5,881.0,28.0
788,45.0,Male,59656.0,Groceries,587.42,2023-03-23,519.0,455.0,588.0
789,65.0,Male,45010.0,Healthcare,21.19,2023-10-10,900.0,136.0,12.0
790,46.0,Female,52428.0,Groceries,789.5,2023-06-20,542.0,271.0,784.0
791,30.0,Male,72609.0,Travel,313.37,2023-02-28,230.5,767.5,313.0
792,63.0,Female,68201.0,Healthcare,49.86,2023-02-01,860.0,678.0,45.0
793,52.0,Male,56416.0,Clothing,592.47,2023-06-10,663.0,360.0,591.0
794,23.0,Female,54497.0,Groceries,403.71,2023-10-11,112.0,311.0,412.0
795,35.0,Female,54123.0,Electronics,974.06,2023-04-16,320.0,304.0,970.0
796,68.0,Male,46163.0,Groceries,548.76,2023-04-15,961.5,155.0,540.0
797,22.0,Female,84230.0,Clothing,282.49,2023-08-16,93.0,931.0,288.0
798,64.0,Male,55165.0,Healthcare,712.34,2023-07-07,878.0,324.0,720.0
799,42.0,Male,78257.0,Clothing,278.78,2023-03-11,452.0,868.0,282.0
800,19.0,Male,82819.0,Electronics,905.2,2023-11-14,35.0,917.0,913.0
801,27.0,Female,74974.0,Travel,380.97,2023-10-17,178.5,813.0,387.0
802,47.0,Female,53525.0,Groceries,554.37,2023-03-28,560.5,295.0,546.0
803,67.0,Male,66055.0,Healthcare,60.07,2023-12-28,943.0,623.0,53.0
804,62.0,Male,59637.0,Travel,431.86,2023-02-25,843.0,454.0,440.0
805,22.0,Female,46444.0,Clothing,834.04,2023-04-23,93.0,158.0,840.0
806,50.0,Male,64865.0,Healthcare,807.59,2023-01-13,620.0,595.0,807.0
807,18.0,Male,42314.0,Travel,232.08,2023-01-18,12.5,96.0,229.0
808,35.0,Female,77815.0,Healthcare,233.82,2023-07-01,320.0,857.0,230.0
809,49.0,Male,53030.0,Electronics,819.13,2023-04-23,594.5,284.0,816.0
810,64.0,Female,63017.0,Electronics,931.09,2023-08-17,878.0,553.0,934.0
811,66.0,Male,64249.0,Groceries,104.41,2023-06-20,923.0,578.0,104.0
812,28.0,Female,56116.0,Groceries,455.56,2023-10-22,193.5,349.0,462.0
813,38.0,Male,68800.0,Electronics,344.08,2023-07-08,368.5,695.0,345.0
814,43.0,Male,52876.0,Healthcare,871.98,2023-03-20,476.0,281.0,879.0
815,42.0,Female,73069.0,Electronics,92.69,2023-05-26,452.0,775.0,89.0
816,39.0,Male,39810.0,Groceries,219.01,2023-07-01,387.0,74.0,210.0
817,44.0,Female,61895.0,Electronics,754.94,2023-10-13,497.5,516.0,756.0
818,66.0,Male,89083.0,Electronics,60.78,2023-09-07,923.0,966.0,55.0
819,30.0,Female,44995.0,Healthcare,497.61,2023-12-20,230.5,135.0,500.0
820,50.0,Female,49833.0,Travel,447.69,2023-11-10,620.0,210.0,456.0
821,51.0,Female,67708.0,Groceries,341.06,2023-07-15,641.5,667.0,342.0
822,58.0,Female,62693.0,Healthcare,400.63,2023-11-19,778.5,534.0,408.0
823,52.0,Male,65259.0,Electronics,534.64,2023-03-12,663.0,604.0,525.0
824,18.0,Male,67337.0,Electronics,169.75,2023-09-05,12.5,655.0,160.5
825,38.0,Female,69520.0,Travel,576.28,2023-05-26,368.5,710.0,572.0
826,65.0,Female,76645.0,Groceries,807.38,2023-04-16,900.0,841.0,805.5
827,23.0,Female,66147.0,Groceries,762.56,2023-09-20,112.0,624.0,763.0
828,45.0,Male,56381.0,Clothing,162.36,2023-10-23,519.0,358.5,148.0
829,34.0,Male,70088.0,Groceries,157.76,2023-03-11,302.5,723.0,144.0
830,22.0,Male,88498.0,Travel,275.49,2023-07-12,93.0,963.0,277.0
831,48.0,Male,58010.0,Clothing,367.46,2023-03-09,576.0,407.0,374.0
832,22.0,Female,45382.0,Clothing,414.37,2023-11-01,93.0,143.0,423.0
833,55.0,Female,76606.0,Electronics,682.9,2023-02-21,725.5,838.0,693.0
834,20.0,Female,58194.0,Electronics,66.11,2023-12-29,56.0,413.0,60.0
835,40.0,Male,27409.0,Groceries,44.33,2023-10-12,407.5,7.0,37.0
836,54.0,Male,72711.0,Clothing,397.99,2023-11-30,707.5,769.0,403.0
837,54.0,Male,51970.0,Electronics,700.19,2023-01-09,707.5,265.0,711.0
838,27.0,Female,58642.0,Travel,201.5,2023-09-08,178.5,423.0,193.0
839,27.0,Female,64979.0,Electronics,645.09,2023-11-28,178.5,599.0,642.0
840,36.0,Male,62857.0,Electronics,267.23,2023-10-25,336.5,542.0,270.0
841,34.0,Female,70641.0,Clothing,887.23,2023-07-03,302.5,736.0,892.5
842,38.0,Male,53467.0,Clothing,896.73,2023-06-28,368.5,294.0,904.0
843,31.0,Male,67696.0,Healthcare,304.31,2023-07-17,247.5,665.0,308.0
844,26.0,Female,56106.0,Travel,237.69,2023-05-08,163.0,347.0,237.0
845,63.0,Male,71082.0,Clothing,417.19,2023-01-20,860.0,743.0,427.0
846,18.0,Female,69230.0,Groceries,248.13,2023-11-24,12.5,706.0,250.0
847,68.0,Male,45968.0,Travel,675.66,2023-03-06,961.5,152.0,677.0
848,62.0,Female,76289.0,Travel,827.8,2023-07-01,843.0,834.0,832.0
849,30.0,Female,51960.0,Clothing,676.36,2023-08-29,230.5,264.0,679.0
850,21.0,Female,72120.0,Travel,826.11,2023-01-24,74.0,760.0,828.0
851,18.0,Male,65509.0,Clothing,403.02,2023-03-24,12.5,608.0,411.0
852,66.0,Male,87572.0,Electronics,164.75,2023-11-15,923.0,956.0,153.0
853,57.0,Female,56648.0,Healthcare,740.57,2023-07-04,763.0,366.0,742.0
854,49.0,Female,54760.0,Electronics,366.87,2023-11-12,594.5,317.0,373.0
855,51.0,Male,59708.0,Clothing,674.56,2023-04-09,641.5,458.0,676.0
856,45.0,Male,55452.0,Clothing,277.94,2023-03-03,519.0,334.0,280.0
857,48.0,Male,71999.0,Electronics,90.42,2023-10-13,576.0,759.0,85.0
858,25.0,Female,35755.0,Groceries,992.66,2023-01-22,144.0,34.0,985.0
859,56.0,Male,44194.0,Groceries,164.64,2023-07-31,744.0,120.0,151.5
860,43.0,Male,43982.0,Groceries,988.54,2023-05-06,476.0,116.0,979.0
861,51.0,Female,74254.0,Clothing,977.51,2023-02-11,641.5,798.0,973.0
862,20.0,Male,85659.0,Travel,795.88,2023-04-08,56.0,945.0,790.0
863,67.0,Male,58433.0,Clothing,662.83,2023-01-31,943.0,416.0,657.0
864,29.0,Male,57467.0,Travel,582.03,2023-06-07,212.0,392.0,581.0
865,18.0,Female,61050.0,Electronics,867.44,2023-04-22,12.5,493.0,875.0
866,61.0,Female,77428.0,Healthcare,296.55,2023-09-04,823.0,849.0,301.0
867,22.0,Female,46089.0,Travel,473.0,2023-05-02,93.0,154.0,479.0
868,47.0,Female,63575.0,Groceries,623.2,2023-09-30,560.5,563.0,622.0
869,47.0,Female,74627.0,Clothing,417.08,2023-10-21,560.5,806.0,424.5
870,34.0,Female,67516.0,Electronics,433.21,2023-07-26,302.5,659.0,442.0
871,65.0,Female,62843.0,Groceries,336.98,2023-04-20,900.0,541.0,339.0
872,64.0,Male,75015.0,Electronics,568.59,2023-10-05,878.0,815.0,563.0
874,32.0,Female,70168.0,Clothing,209.51,2023-02-26,264.0,725.5,199.0
875,54.0,Male,50188.0,Clothing,935.09,2023-10-18,707.5,221.0,940.0
876,38.0,Male,32540.0,Healthcare,692.2,2023-04-24,368.5,22.0,699.0
877,31.0,Female,67668.0,Clothing,825.04,2023-11-04,247.5,664.0,825.0
878,19.0,Male,80604.0,Travel,560.63,2023-12-07,35.0,893.0,551.0
879,28.0,Male,57938.0,Electronics,781.72,2023-07-17,193.5,404.0,779.0
880,68.0,Male,74293.0,Groceries,26.04,2023-11-17,961.5,799.0,16.0
881,56.0,Male,84184.0,Healthcare,820.2,2023-06-28,744.0,929.0,818.0
882,55.0,Male,79723.0,Travel,49.74,2023-08-07,725.5,885.0,44.0
883,51.0,Female,84599.0,Groceries,891.01,2023-10-04,641.5,936.0,898.0
884,55.0,Female,71131.0,Groceries,992.04,2023-01-16,725.5,744.5,984.0
885,67.0,Female,61131.0,Healthcare,301.13,2023-03-02,943.0,494.0,304.0
886,51.0,Male,35970.0,Travel,218.22,2023-02-23,641.5,37.0,207.0
887,35.0,Female,56309.0,Groceries,767.71,2023-06-17,320.0,356.0,769.0
888,47.0,Male,47351.0,Groceries,260.5,2023-01-26,560.5,168.0,262.0
889,32.0,Male,92564.0,Travel,866.91,2023-12-02,264.0,981.0,874.0
890,44.0,Male,57361.0,Clothing,111.81,2023-03-06,497.5,386.0,109.0
891,68.0,Male,61848.0,Groceries,134.7,2023-04-10,961.5,513.0,127.0
892,51.0,Female,68272.0,Electronics,979.36,2023-03-15,641.5,680.0,974.0
893,69.0,Female,60654.0,Travel,677.1,2023-07-11,983.0,481.0,681.0
894,55.0,Male,85425.0,Groceries,848.42,2023-06-20,725.5,943.0,859.0
895,50.0,Female,50660.0,Healthcare,331.09,2023-09-30,620.0,235.0,329.0
896,41.0,Male,62919.0,Electronics,679.72,2023-07-06,430.0,547.0,686.0
897,32.0,Female,48862.0,Groceries,598.3,2023-01-23,264.0,192.0,595.0
898,47.0,Female,40199.0,Electronics,607.12,2023-06-30,560.5,78.0,606.0
899,59.0,Male,50823.0,Electronics,685.71,2023-11-23,794.5,238.0,694.0
900,68.0,Female,59444.0,Clothing,579.61,2023-04-18,961.5,446.0,577.0
901,34.0,Male,53560.0,Electronics,434.77,2023-12-01,302.5,297.0,445.0
902,22.0,Female,49613.0,Clothing,283.16,2023-06-11,93.0,204.0,290.0
903,46.0,Male,38905.0,Travel,770.9,2023-10-29,542.0,65.0,771.0
904,21.0,Male,58753.0,Clothing,234.01,2023-07-25,74.0,426.0,231.0
905,27.0,Female,37429.0,Healthcare,695.43,2023-03-19,178.5,53.0,704.0
906,34.0,Female,71400.0,Groceries,241.0,2023-01-16,302.5,750.0,242.0
907,27.0,Male,61236.0,Travel,629.08,2023-11-23,178.5,500.0,631.0
908,34.0,Female,38136.0,Travel,749.61,2023-04-06,302.5,57.0,747.0
909,37.0,Female,55361.0,Healthcare,226.53,2023-05-27,352.5,329.0,220.5
910,41.0,Male,48717.0,Clothing,69.34,2023-01-02,430.0,188.0,63.0
911,22.0,Male,64787.0,Groceries,139.66,2023-01-10,93.0,589.0,131.0
912,51.0,Female,80106.0,Clothing,609.94,2023-05-05,641.5,891.0,609.0
913,23.0,Male,31872.0,Electronics,850.95,2023-03-22,112.0,19.0,862.0
914,19.0,Male,61725.0,Clothing,54.55,2023-05-20,35.0,508.0,48.0
915,30.0,Male,57598.0,Travel,736.81,2023-11-22,230.5,395.0,739.0
916,60.0,Female,70070.0,Groceries,347.91,2023-05-30,808.0,722.0,349.0
917,60.0,Female,63197.0,Clothing,483.74,2023-10-15,808.0,555.0,487.0
918,65.0,Male,48720.0,Groceries,929.57,2023-12-27,900.0,189.0,931.0
919,28.0,Female,55214.0,Groceries,338.65,2023-12-06,193.5,327.0,340.0
920,68.0,Male,48059.0,Electronics,470.68,2023-05-09,961.5,179.0,475.0
921,64.0,Female,76140.0,Electronics,23.55,2023-08-27,878.0,830.0,14.0
922,40.0,Male,60319.0,Travel,90.78,2023-02-27,407.5,471.5,86.0
923,33.0,Male,88517.0,Healthcare,266.01,2023-07-17,282.0,964.0,267.0
924,48.0,Female,59090.0,Groceries,37.57,2023-07-30,576.0,437.0,27.0
925,28.0,Male,49373.0,Healthcare,635.06,2023-02-14,193.5,199.0,635.0
926,33.0,Female,37294.0,Travel,432.13,2023-04-07,282.0,52.0,441.0
927,25.0,Female,32952.0,Groceries,552.66,2023-10-06,144.0,23.0,543.0
928,21.0,Male,36237.0,Groceries,182.9,2023-01-23,74.0,40.0,176.0
929,57.0,Male,64006.0,Healthcare,302.97,2023-12-01,763.0,571.0,306.0
930,21.0,Female,67630.0,Clothing,667.19,2023-02-13,74.0,663.0,667.0
931,42.0,Male,36282.0,Electronics,965.65,2023-01-27,452.0,42.0,960.0
932,20.0,Male,73425.0,Clothing,59.91,2023-10-09,56.0,782.0,52.0
933,49.0,Male,52754.0,Healthcare,891.48,2023-04-07,594.5,279.0,899.0
934,20.0,Male,62201.0,Electronics,581.11,2023-02-05,56.0,524.0,579.0
935,44.0,Male,84183.0,Clothing,568.28,2023-04-19,497.5,928.0,562.0
936,46.0,Female,73452.0,Electronics,505.28,2023-02-24,542.0,784.0,504.0
937,49.0,Female,55972.0,Groceries,78.7,2023-07-11,594.5,346.0,77.0
938,67.0,Male,46632.0,Clothing,98.98,2023-08-07,943.0,160.0,98.0
939,68.0,Male,27722.0,Electronics,604.9,2023-07-04,961.5,10.0,604.0
940,36.0,Male,49212.0,Electronics,347.55,2023-03-10,336.5,196.0,348.0
941,38.0,Female,56833.0,Electronics,918.1,2023-11-13,368.5,371.0,923.0
942,22.0,Male,45192.0,Clothing,412.52,2023-05-10,93.0,141.0,420.0
943,35.0,Female,58031.0,Travel,151.85,2023-02-24,320.0,408.0,139.0
944,45.0,Female,61152.0,Clothing,717.57,2023-04-07,519.0,496.5,722.0
945,59.0,Female,56627.0,Healthcare,300.42,2023-12-02,794.5,363.0,303.0
946,39.0,Male,50249.0,Clothing,530.22,2023-03-28,387.0,225.0,523.0
947,38.0,Female,62529.0,Electronics,700.85,2023-10-21,368.5,530.0,712.0
948,23.0,Male,66629.0,Groceries,901.26,2023-04-29,112.0,641.0,909.0
949,18.0,Female,43644.0,Clothing,794.27,2023-07-27,12.5,113.0,787.0
950,22.0,Male,81163.0,Clothing,679.6,2023-11-30,93.0,904.0,685.0
951,58.0,Female,58521.0,Electronics,682.84,2023-06-03,778.5,420.0,692.0
952,29.0,Male,60282.0,Groceries,946.47,2023-02-04,212.0,469.0,949.0
953,43.0,Female,70623.0,Groceries,302.87,2023-03-20,476.0,733.0,305.0
954,63.0,Male,63498.0,Healthcare,11.1,2023-03-08,860.0,561.0,3.0
955,51.0,Male,74297.0,Clothing,279.24,2023-12-09,641.5,800.0,285.0
956,66.0,Male,64306.0,Groceries,225.71,2023-02-03,923.0,579.0,217.0
957,31.0,Male,50813.0,Groceries,665.22,2023-04-07,247.5,237.0,663.0
958,43.0,Female,65422.0,Travel,637.37,2023-06-18,476.0,606.0,638.0
959,62.0,Female,42844.0,Travel,597.53,2023-06-18,843.0,101.0,594.0
960,44.0,Male,61628.0,Groceries,26.08,2023-05-31,497.5,506.0,17.0
961,26.0,Female,59501.0,Healthcare,731.49,2023-03-12,163.0,448.0,733.0
962,43.0,Male,56878.0,Groceries,330.3,2023-01-03,476.0,375.0,328.0
963,64.0,Male,58071.0,Electronics,668.41,2023-11-10,878.0,410.0,669.0
964,39.0,Female,31772.0,Clothing,561.01,2023-02-01,387.0,18.0,552.0
965,64.0,Male,51769.0,Healthcare,349.3,2023-10-14,878.0,262.0,353.0
966,47.0,Male,61392.0,Electronics,143.23,2023-03-23,560.5,503.0,132.0
967,60.0,Female,62397.0,Healthcare,103.47,2023-02-12,808.0,527.0,101.0
968,65.0,Male,44584.0,Electronics,833.2,2023-04-15,900.0,125.0,839.0
969,34.0,Male,78985.0,Clothing,919.21,2023-01-01,302.5,877.0,924.0
970,43.0,Male,47007.0,Clothing,653.29,2023-03-02,476.0,164.0,647.0
971,53.0,Male,74541.0,Travel,112.4,2023-09-27,686.5,805.0,111.0
972,18.0,Female,66407.0,Electronics,408.01,2023-06-29,12.5,632.0,417.0
973,25.0,Female,50306.0,Travel,731.65,2023-08-12,144.0,228.0,734.0
974,66.0,Female,86629.0,Electronics,782.02,2023-01-06,923.0,952.0,780.0
975,52.0,Male,42095.0,Travel,127.04,2023-04-13,663.0,94.0,122.0
976,69.0,Male,73787.0,Clothing,10.03,2023-01-10,983.0,790.0,1.0
977,32.0,Female,75008.0,Healthcare,715.02,2023-03-12,264.0,814.0,721.0
978,64.0,Male,49940.0,Travel,363.03,2023-03-31,878.0,215.0,369.0
979,39.0,Male,80886.0,Electronics,261.94,2023-08-14,387.0,901.0,264.0
980,31.0,Male,56249.0,Electronics,22.77,2023-06-07,247.5,353.0,13.0
981,43.0,Male,64330.0,Clothing,544.9,2023-08-16,476.0,580.0,537.0
982,45.0,Female,63904.0,Electronics,852.64,2023-05-06,519.0,569.0,863.0
983,40.0,Female,57985.0,Groceries,958.06,2023-07-28,407.5,405.0,954.0
984,31.0,Female,72162.0,Healthcare,570.09,2023-04-07,247.5,761.0,564.0
985,41.0,Male,71902.0,Travel,519.32,2023-03-15,430.0,757.0,517.0
986,19.0,Female,33772.0,Healthcare,94.21,2023-04-25,35.0,28.0,94.0
987,62.0,Female,79565.0,Clothing,553.38,2023-07-10,843.0,883.0,545.0
988,43.0,Male,35062.0,Travel,386.18,2023-06-19,476.0,32.0,391.0
989,31.0,Male,75488.0,Travel,611.06,2023-11-03,247.5,821.0,611.0
990,68.0,Female,76900.0,Groceries,394.84,2023-07-23,961.5,843.0,398.0
991,24.0,Female,43635.0,Clothing,247.9,2023-02-25,126.5,112.0,249.0
992,20.0,Female,53837.0,Electronics,104.02,2023-07-27,56.0,300.0,103.0
993,64.0,Female,43414.0,Groceries,321.77,2023-02-10,878.0,106.0,324.0
994,40.0,Male,56776.0,Groceries,105.68,2023-02-01,407.5,369.0,105.0
995,63.0,Female,55379.0,Healthcare,185.13,2023-01-15,860.0,331.0,179.0
996,60.0,Female,71694.0,Healthcare,987.46,2023-03-03,808.0,755.0,978.0
997,64.0,Male,79654.0,Healthcare,449.66,2023-06-04,878.0,884.0,459.0
998,62.0,Female,80935.0,Groceries,536.55,2023-10-11,843.0,902.0,529.0
999,35.0,Male,51567.0,Electronics,874.88,2023-07-28,320.0,254.0,880.0
1000,55.0,Male,56861.0,Travel,995.61,2023-11-16,725.5,373.0,986.0
